Nom;Sexe;AgeInit;PVInit;ModeFin;Duree;PVFin;Carcasse;Unite;Equation;a;b;PDMoy;Bgompertz;Entretien;PVmr2
1-M1;2;73;26.34763307;2;99;127.4;0.79;3;3;5.575486674;0.023762937;161.3290536;0.020445068;1;70
1-M2;2;73;30.89270252;2;99;127.4;0.79;3;3;5.076181227;0.026663909;174.4101727;0.006549161;1;70
1-M3;2;73;32.29829334;2;99;127.4;0.79;3;3;3.91790056;0.018806453;149.4433634;0.02852018;1;70
1-M4;2;73;29.97728104;2;99;127.4;0.79;3;3;4.181042595;0.015057998;143.1865701;0.016255755;1;70
1-M5;2;73;31.07417869;2;99;127.4;0.79;3;3;5.680522901;0.016455902;141.4409326;0.006568807;1;70
1-M6;2;73;25.99924582;2;99;127.4;0.79;3;3;5.264819085;0.02306717;176.7952339;0.017977478;1;70
1-M7;2;73;30.66308003;2;99;127.4;0.79;3;3;4.998867685;0.016743539;150.6413883;0.012863349;1;70
1-M8;2;73;24.99333505;2;99;127.4;0.79;3;3;6.653536737;0.028276576;127.0374324;0.01320643;1;70
1-M9;2;73;28.57532291;2;99;127.4;0.79;3;3;4.719112162;0.019711875;150.343624;0.011503202;1;70
1-M10;2;73;32.20478386;2;99;127.4;0.79;3;3;5.098163781;0.017695863;139.8042128;0.002160612;1;70
1-M11;2;73;30.47927412;2;99;127.4;0.79;3;3;6.282295901;0.018679048;144.1785895;0.013367818;1;70
1-M12;2;73;31.91261561;2;99;127.4;0.79;3;3;5.824323897;0.019893075;127.0853176;0.051583061;1;70
1-M13;2;73;31.56647784;2;99;127.4;0.79;3;3;4.530690772;0.020629224;153.2480912;0.020368761;1;70
1-M14;2;73;32.93787192;2;99;127.4;0.79;3;3;5.299407131;0.020233046;138.023989;0.032055251;1;70
1-M15;2;73;35.72104256;2;99;127.4;0.79;3;3;3.988857788;0.01250102;147.5863476;0.013677346;1;70
1-M16;2;73;37.70881878;2;99;127.4;0.79;3;3;4.830245084;0.022673694;143.9888173;0.004431973;1;70
1-M17;2;73;33.00020933;2;99;127.4;0.79;3;3;3.468854791;0.016552007;148.7568109;0.044682201;1;70
1-M18;2;73;26.95431232;2;99;127.4;0.79;3;3;7.934015858;0.020976174;150.1767015;0.007386706;1;70
1-M19;2;73;34.16888985;2;99;127.4;0.79;3;3;5.407604928;0.019147868;158.3699735;0.020349799;1;70
1-M20;2;73;35.27290156;2;99;127.4;0.79;3;3;5.022062725;0.013089397;147.5947021;0.010404625;1;70
1-M21;2;73;30.03342118;2;99;127.4;0.79;3;3;6.037677885;0.015763866;170.2833039;0.004841727;1;70
1-M22;2;73;28.21564983;2;99;127.4;0.79;3;3;4.433079316;0.017844572;163.7233381;0.006773036;1;70
1-M23;2;73;31.37462113;2;99;127.4;0.79;3;3;5.112876027;0.021007437;160.7396272;0.024179565;1;70
1-M24;2;73;35.4893952;2;99;127.4;0.79;3;3;4.448294686;0.011731303;156.9618285;0.006867373;1;70
1-M25;2;73;27.59646596;2;99;127.4;0.79;3;3;5.519261073;0.027177801;136.7737835;0.020823258;1;70
1-M26;2;73;27.34876449;2;99;127.4;0.79;3;3;5.700375133;0.023017991;141.0373403;0.022749248;1;70
1-M27;2;73;33.24841661;2;99;127.4;0.79;3;3;3.629230433;0.018577407;119.4561229;0.014783738;1;70
1-M28;2;73;28.64522614;2;99;127.4;0.79;3;3;4.737737304;0.019055535;167.0454315;0.023609707;1;70
1-M29;2;73;33.06781736;2;99;127.4;0.79;3;3;4.669099226;0.022343846;126.8767685;0.015615131;1;70
1-M30;2;73;30.90107555;2;99;127.4;0.79;3;3;5.093109294;0.012535477;160.1866787;0.008859594;1;70
1-M31;2;73;29.03700386;2;99;127.4;0.79;3;3;5.637868723;0.011602658;163.6961257;0.011514134;1;70
1-M32;2;73;30.37986872;2;99;127.4;0.79;3;3;4.602726084;0.018269467;157.3959244;0.009712528;1;70
1-M33;2;73;27.91117301;2;99;127.4;0.79;3;3;5.305459048;0.016573561;159.8273465;0.021150454;1;70
1-M34;2;73;31.30435891;2;99;127.4;0.79;3;3;4.456095315;0.016983529;156.5087262;0.005208478;1;70
1-M35;2;73;29.07686952;2;99;127.4;0.79;3;3;4.776970027;0.016258171;132.268184;0.013553038;1;70
1-M36;2;73;34.25838221;2;99;127.4;0.79;3;3;5.165377232;0.021109389;159.4833396;0.013643634;1;70
1-M37;2;73;29.26389415;2;99;127.4;0.79;3;3;6.06962221;0.012175684;159.8800054;0.023470832;1;70
1-M38;2;73;33.11710997;2;99;127.4;0.79;3;3;5.070868385;0.021706462;173.7174305;0.009820041;1;70
1-M39;2;73;26.87609535;2;99;127.4;0.79;3;3;4.524124526;0.015609534;129.464995;0.023691125;1;70
1-M40;2;73;28.82804752;2;99;127.4;0.79;3;3;5.854632813;0.020312741;146.1515982;0.013001357;1;70
1-M41;2;73;29.8579785;2;99;127.4;0.79;3;3;5.324406586;0.016414036;158.0925121;0.010024404;1;70
1-M42;2;73;35.03180337;2;99;127.4;0.79;3;3;3.182134685;0.010640991;146.2933173;0.034859775;1;70
1-M43;2;73;28.24691285;2;99;127.4;0.79;3;3;3.818662926;0.021213741;134.4506103;0.027058086;1;70
1-M44;2;73;30.94759307;2;99;127.4;0.79;3;3;4.161239774;0.020261029;136.6112654;0.004637284;1;70
1-M45;2;73;28.790327;2;99;127.4;0.79;3;3;2.965148067;0.010296895;165.9417635;0.019165456;1;70
1-M46;2;73;28.35701769;2;99;127.4;0.79;3;3;5.727964379;0.020844616;152.344534;0.020801284;1;70
1-M47;2;73;24.94638849;2;99;127.4;0.79;3;3;2.807156852;0.020253183;155.0354846;0.025971102;1;70
1-M48;2;73;28.43616393;2;99;127.4;0.79;3;3;5.664609151;0.018695426;146.054907;0.01840631;1;70
1-M49;2;73;32.49973084;2;99;127.4;0.79;3;3;6.383014886;0.017902725;143.4481888;0.02118905;1;70
1-M50;2;73;23.72564776;2;99;127.4;0.79;3;3;5.2590501;0.017339948;152.112132;0.024163258;1;70
1-M51;2;73;35.34874323;2;99;127.4;0.79;3;3;5.94627844;0.02166174;155.0264467;0.025175531;1;70
1-M52;2;73;27.38287476;2;99;127.4;0.79;3;3;3.726214689;0.020327984;153.9211149;0.015314189;1;70
1-M53;2;73;26.00049818;2;99;127.4;0.79;3;3;6.21612555;0.013990082;154.9206998;0.020628809;1;70
1-M54;2;73;33.98069402;2;99;127.4;0.79;3;3;4.584889333;0.016280112;172.2358648;0.014426374;1;70
1-M55;2;73;28.51586181;2;99;127.4;0.79;3;3;2.973470497;0.015615301;159.9168643;0.040497518;1;70
1-M56;2;73;30.34848984;2;99;127.4;0.79;3;3;7.150018623;0.024424345;174.4364398;0.011042354;1;70
1-M57;2;73;34.14878996;2;99;127.4;0.79;3;3;4.159550294;0.019830466;171.8364599;0.033017671;1;70
1-M58;2;73;33.39640499;2;99;127.4;0.79;3;3;4.934656201;0.020452927;146.9014333;0.020743916;1;70
1-M59;2;73;28.33345326;2;99;127.4;0.79;3;3;4.525423776;0.019516939;148.4229364;0.014200464;1;70
1-M60;2;73;32.11360724;2;99;127.4;0.79;3;3;5.136763068;0.012325139;164.6795622;0.023050155;1;70
1-M61;2;73;27.28902687;2;99;127.4;0.79;3;3;5.983456428;0.017835989;175.717022;0.005803405;1;70
1-M62;2;73;30.47624063;2;99;127.4;0.79;3;3;5.212412926;0.013622327;142.2357155;0.008290494;1;70
1-M63;2;73;26.46949836;2;99;127.4;0.79;3;3;5.545921369;0.025515551;152.3091969;0.006051269;1;70
1-M64;2;73;30.75747095;2;99;127.4;0.79;3;3;4.884796109;0.022254929;159.4782832;0.015834501;1;70
1-M65;2;73;33.73669251;2;99;127.4;0.79;3;3;6.200192809;0.01725766;149.0953028;0.01707404;1;70
1-M66;2;73;28.40483121;2;99;127.4;0.79;3;3;5.703851645;0.017503259;107.8024755;0.018521506;1;70
1-M67;2;73;30.86224621;2;99;127.4;0.79;3;3;6.064343498;0.01443675;154.3661981;0.032546302;1;70
1-M68;2;73;32.11361895;2;99;127.4;0.79;3;3;5.542268073;0.018942794;159.832476;0.025479129;1;70
1-M69;2;73;30.15658226;2;99;127.4;0.79;3;3;5.349343985;0.017975733;149.8373034;0.014208768;1;70
1-M70;2;73;34.27556701;2;99;127.4;0.79;3;3;4.652595058;0.022622855;126.3292082;0.012634778;1;70
1-M71;2;73;25.74626663;2;99;127.4;0.79;3;3;2.89469232;0.01098227;145.1048454;0.048725632;1;70
1-M72;2;73;35.73219667;2;99;127.4;0.79;3;3;5.199621283;0.017926129;148.8624755;0.013886923;1;70
1-M73;2;73;35.40745173;2;99;127.4;0.79;3;3;5.973976028;0.014718635;174.1993645;0.023350676;1;70
1-M74;2;73;25.00956251;2;99;127.4;0.79;3;3;4.376090475;0.024439149;117.3688312;0.015420304;1;70
1-M75;2;73;31.95603796;2;99;127.4;0.79;3;3;4.857582961;0.012170123;155.4651341;0.01823479;1;70
1-M76;2;73;26.91395378;2;99;127.4;0.79;3;3;5.336020851;0.024132779;131.1666142;0.008962549;1;70
1-M77;2;73;33.00253143;2;99;127.4;0.79;3;3;4.770680774;0.018531279;135.4387572;0.024612422;1;70
1-M78;2;73;34.62500892;2;99;127.4;0.79;3;3;3.856114828;0.018472631;145.2137193;0.041405523;1;70
1-M79;2;73;24.06095307;2;99;127.4;0.79;3;3;4.780231962;0.021242053;133.2488088;0.013611488;1;70
1-M80;2;73;32.61479937;2;99;127.4;0.79;3;3;6.186733217;0.021142651;144.0160503;0.007229607;1;70
1-M81;2;73;26.84808211;2;99;127.4;0.79;3;3;4.836135453;0.016074629;152.3788338;0.02012135;1;70
1-M82;2;73;35.02408076;2;99;127.4;0.79;3;3;5.9813169;0.014139477;150.3490409;0.01157413;1;70
1-M83;2;73;28.51497872;2;99;127.4;0.79;3;3;4.613233754;0.015656858;150.2611358;0.025115718;1;70
1-M84;2;73;27.15759005;2;99;127.4;0.79;3;3;2.785206076;0.020128106;88.40750548;0.017121828;1;70
1-M85;2;73;33.24554786;2;99;127.4;0.79;3;3;5.095588257;0.021325056;125.5193646;0.017711411;1;70
1-M86;2;73;26.00849606;2;99;127.4;0.79;3;3;4.853546119;0.016900455;136.4098428;0.028814135;1;70
1-M87;2;73;33.32095036;2;99;127.4;0.79;3;3;6.392598216;0.031514761;151.3842797;0.008632146;1;70
1-M88;2;73;32.14232461;2;99;127.4;0.79;3;3;4.22303595;0.020495312;131.9654014;0.020590272;1;70
1-M89;2;73;30.3237749;2;99;127.4;0.79;3;3;3.859610938;0.00531144;179.8991944;0.00874915;1;70
1-M90;2;73;34.82295809;2;99;127.4;0.79;3;3;6.67636976;0.019397211;162.4574381;0.016333985;1;70
1-M91;2;73;26.06447756;2;99;127.4;0.79;3;3;2.55830974;0.015954159;140.0789023;0.018170429;1;70
1-M92;2;73;36.55302645;2;99;127.4;0.79;3;3;5.985669756;0.021284195;175.1533312;0.02144697;1;70
1-M93;2;73;32.33370225;2;99;127.4;0.79;3;3;5.115408849;0.019612916;159.0215858;0.040228659;1;70
1-M94;2;73;25.94407086;2;99;127.4;0.79;3;3;5.365588355;0.025653374;131.5827934;0.015531284;1;70
1-M95;2;73;31.52595306;2;99;127.4;0.79;3;3;5.233057879;0.015004666;153.4410334;0.013572557;1;70
1-M96;2;73;27.12603041;2;99;127.4;0.79;3;3;4.49841818;0.020755066;146.7823589;0.036323091;1;70
1-M97;2;73;24.91565543;2;99;127.4;0.79;3;3;4.587581759;0.019489746;147.1786449;0.012198906;1;70
1-M98;2;73;26.15184075;2;99;127.4;0.79;3;3;4.602457603;0.02045151;133.4282173;0.019763558;1;70
1-M99;2;73;32.90423548;2;99;127.4;0.79;3;3;5.075091888;0.015986974;156.1507554;0.011228868;1;70
1-M100;2;73;30.17863205;2;99;127.4;0.79;3;3;4.54074971;0.011728622;161.2425556;0.033393821;1;70
1-M101;2;73;33.39962909;2;99;127.4;0.79;3;3;6.053729299;0.024553755;152.0271621;0.024111445;1;70
1-M102;2;73;31.99709608;2;99;127.4;0.79;3;3;4.972742553;0.017219728;166.6813107;0.036918079;1;70
1-M103;2;73;25.59816151;2;99;127.4;0.79;3;3;5.852127659;0.019306572;175.7984983;0.020898286;1;70
1-M104;2;73;30.49452775;2;99;127.4;0.79;3;3;8.161246574;0.027628443;124.6284212;0.029917982;1;70
1-M105;2;73;33.58870074;2;99;127.4;0.79;3;3;5.124671419;0.026410647;153.3311502;0.017684154;1;70
1-M106;2;73;33.66234247;2;99;127.4;0.79;3;3;4.76841472;0.020783054;155.3788686;0.018343582;1;70
1-M107;2;73;33.06756761;2;99;127.4;0.79;3;3;4.815024248;0.021195804;151.0783453;0.02090686;1;70
1-M108;2;73;32.7405571;2;99;127.4;0.79;3;3;3.800534621;0.013533994;147.069833;0.011794078;1;70
1-M109;2;73;24.11540576;2;99;127.4;0.79;3;3;5.404424877;0.020750215;141.3125004;0.014193694;1;70
1-M110;2;73;23.58038805;2;99;127.4;0.79;3;3;4.599311172;0.023733074;156.6532294;0.020039097;1;70
1-M111;2;73;25.74061846;2;99;127.4;0.79;3;3;4.472071254;0.016137525;140.1439776;0.014891989;1;70
1-M112;2;73;28.14477094;2;99;127.4;0.79;3;3;4.717545461;0.021459399;167.7612283;0.014056546;1;70
1-M113;2;73;34.60222452;2;99;127.4;0.79;3;3;4.862208391;0.01321808;145.2781482;0.00205773;1;70
1-M114;2;73;31.06898614;2;99;127.4;0.79;3;3;4.293542055;0.014555464;139.8528199;0.024496323;1;70
1-M115;2;73;27.15682309;2;99;127.4;0.79;3;3;5.669420308;0.014535264;142.9658883;0.021325439;1;70
1-M116;2;73;26.60033635;2;99;127.4;0.79;3;3;4.928778664;0.019693664;138.655492;0.021908833;1;70
1-M117;2;73;26.53842778;2;99;127.4;0.79;3;3;4.523377405;0.014519221;160.8446375;0.022518863;1;70
1-M118;2;73;31.75981269;2;99;127.4;0.79;3;3;4.780112469;0.011385717;139.8898858;0.029199385;1;70
1-M119;2;73;36.29008231;2;99;127.4;0.79;3;3;5.17557127;0.020926908;147.1407261;0.021840174;1;70
1-M120;2;73;30.6154626;2;99;127.4;0.79;3;3;4.987456601;0.014071256;146.0746972;0.022773998;1;70
1-M121;2;73;17.90276092;2;99;127.4;0.79;3;3;5.170840824;0.024909754;101.5766169;0.019180646;1;70
1-M122;2;73;24.66990618;2;99;127.4;0.79;3;3;4.274179356;0.016168319;175.0563086;0.022872255;1;70
1-M123;2;73;32.27042699;2;99;127.4;0.79;3;3;5.338486756;0.023435692;143.8876289;0.010978692;1;70
1-M124;2;73;28.46752661;2;99;127.4;0.79;3;3;5.204500028;0.023318707;132.7255227;0.038131879;1;70
1-M125;2;73;25.96123678;2;99;127.4;0.79;3;3;7.022853955;0.013431728;150.1742781;0.012907167;1;70
1-M126;2;73;32.14570237;2;99;127.4;0.79;3;3;5.167568853;0.015491952;140.8246602;0.040746697;1;70
1-M127;2;73;28.69939941;2;99;127.4;0.79;3;3;4.519508715;0.022230319;137.102641;0.027953166;1;70
1-M128;2;73;29.17023543;2;99;127.4;0.79;3;3;5.008214102;0.018757767;145.8571674;0.024483678;1;70
1-M129;2;73;28.88578033;2;99;127.4;0.79;3;3;5.778354396;0.020155318;136.0819134;0.009736743;1;70
1-M130;2;73;35.68842556;2;99;127.4;0.79;3;3;7.385093968;0.022804587;191.1390079;0.01587267;1;70
1-M131;2;73;30.24850354;2;99;127.4;0.79;3;3;5.316532518;0.022627102;153.6619034;0.016553754;1;70
1-M132;2;73;30.12739493;2;99;127.4;0.79;3;3;5.008760404;0.008725379;162.1980255;0.018610082;1;70
1-M133;2;73;26.26498795;2;99;127.4;0.79;3;3;5.055275561;0.018621164;132.9622572;0.011066828;1;70
1-M134;2;73;27.1479023;2;99;127.4;0.79;3;3;4.213115246;0.017766768;154.3747861;0.017674185;1;70
1-M135;2;73;33.54956773;2;99;127.4;0.79;3;3;5.095080685;0.016031458;154.8291444;0.008272466;1;70
1-M136;2;73;35.42353927;2;99;127.4;0.79;3;3;4.274096359;0.00998593;165.5789887;0.026428483;1;70
1-M137;2;73;29.28745622;2;99;127.4;0.79;3;3;5.371967123;0.021973488;154.6685164;0.015281202;1;70
1-M138;2;73;26.75667526;2;99;127.4;0.79;3;3;4.211314519;0.018598917;164.938207;0.009300468;1;70
1-M139;2;73;31.26486141;2;99;127.4;0.79;3;3;3.471149924;0.018599946;147.6895403;0.053427096;1;70
1-M140;2;73;27.65018839;2;99;127.4;0.79;3;3;4.461238388;0.023941222;127.9635296;0.025321117;1;70
1-M141;2;73;27.29085248;2;99;127.4;0.79;3;3;4.893900721;0.013325306;134.1914995;0.016440623;1;70
1-M142;2;73;32.04300291;2;99;127.4;0.79;3;3;4.729671254;0.016385349;146.000353;0.015877126;1;70
1-M143;2;73;33.61824913;2;99;127.4;0.79;3;3;5.315938914;0.01995826;159.2348547;0.012775666;1;70
1-M144;2;73;39.00696069;2;99;127.4;0.79;3;3;5.381357894;0.016464514;172.725558;0.047071997;1;70
1-M145;2;73;34.0321243;2;99;127.4;0.79;3;3;4.28785165;0.016832668;165.300048;0.019591007;1;70
1-M146;2;73;28.29735713;2;99;127.4;0.79;3;3;4.232476358;0.017962028;167.7323553;0.015389401;1;70
1-M147;2;73;29.40940082;2;99;127.4;0.79;3;3;4.614512888;0.003967684;165.5875034;0.024103104;1;70
1-M148;2;73;32.61825759;2;99;127.4;0.79;3;3;5.645348623;0.022725608;166.8505318;0.008146714;1;70
1-M149;2;73;30.02647045;2;99;127.4;0.79;3;3;5.055282913;0.016085194;156.6880168;0.019854489;1;70
1-M150;2;73;31.77433813;2;99;127.4;0.79;3;3;6.141411718;0.017590011;164.6111618;0.015738448;1;70
1-M151;2;73;35.42160404;2;99;127.4;0.79;3;3;5.816544851;0.022433389;156.8959108;0.029087844;1;70
1-M152;2;73;35.10502209;2;99;127.4;0.79;3;3;4.594420258;0.016018882;119.3318413;0.025050297;1;70
1-M153;2;73;31.46203272;2;99;127.4;0.79;3;3;5.169959431;0.013357749;180.1692376;0.021512058;1;70
1-M154;2;73;28.92508524;2;99;127.4;0.79;3;3;5.131327767;0.019706361;149.7760626;0.033606956;1;70
1-M155;2;73;28.64733428;2;99;127.4;0.79;3;3;4.661230669;0.024212108;131.4367114;0.018618569;1;70
1-M156;2;73;29.17884577;2;99;127.4;0.79;3;3;5.989237431;0.027307322;128.6613305;0.015217939;1;70
1-M157;2;73;36.4282799;2;99;127.4;0.79;3;3;5.210295316;0.015774351;140.8590479;0.021805374;1;70
1-M158;2;73;28.45308073;2;99;127.4;0.79;3;3;4.491547734;0.019609865;136.58817;0.023085856;1;70
1-M159;2;73;34.8472544;2;99;127.4;0.79;3;3;6.940190592;0.02623761;122.0265127;0.02428207;1;70
1-M160;2;73;27.0740509;2;99;127.4;0.79;3;3;7.701310817;0.025771359;158.9371533;0.016444141;1;70
1-M161;2;73;26.79095449;2;99;127.4;0.79;3;3;5.670338085;0.016805154;147.2428043;0.009586065;1;70
1-M162;2;73;30.21659296;2;99;127.4;0.79;3;3;5.158124449;0.014552517;166.0100441;0.019675845;1;70
1-M163;2;73;30.72141112;2;99;127.4;0.79;3;3;4.789374595;0.016856373;172.611455;0.015754145;1;70
1-M164;2;73;32.14048455;2;99;127.4;0.79;3;3;5.145204432;0.019338836;150.7651297;0.024712322;1;70
1-M165;2;73;31.61439037;2;99;127.4;0.79;3;3;4.072161022;0.014412704;161.9214491;0.018143014;1;70
1-M166;2;73;33.21157573;2;99;127.4;0.79;3;3;4.070897876;0.01217936;136.7393214;0.015868834;1;70
1-M167;2;73;30.48828678;2;99;127.4;0.79;3;3;5.736142861;0.017118538;136.2892368;0.015163233;1;70
1-M168;2;73;29.05458892;2;99;127.4;0.79;3;3;5.037652285;0.023642177;123.3906609;0.020820333;1;70
1-M169;2;73;30.98107598;2;99;127.4;0.79;3;3;4.743959277;0.025356237;132.8680377;0.010925969;1;70
1-M170;2;73;37.9769344;2;99;127.4;0.79;3;3;4.051403726;0.00967164;158.6513763;0.007966737;1;70
1-M171;2;73;26.78932244;2;99;127.4;0.79;3;3;3.978064356;0.020029859;178.6675637;0.018635189;1;70
1-M172;2;73;34.6352137;2;99;127.4;0.79;3;3;5.739506029;0.023129374;149.6660889;0.005846273;1;70
1-M173;2;73;33.99283777;2;99;127.4;0.79;3;3;3.471794255;0.007614095;161.1443582;0.02056603;1;70
1-M174;2;73;26.31276085;2;99;127.4;0.79;3;3;4.14121608;0.028212709;133.1189564;0.020426028;1;70
1-M175;2;73;23.40219239;2;99;127.4;0.79;3;3;5.403207504;0.021792966;158.3571516;0.010492896;1;70
1-M176;2;73;31.8024546;2;99;127.4;0.79;3;3;8.628276259;0.029737191;168.3131207;0.016350788;1;70
1-M177;2;73;25.60767758;2;99;127.4;0.79;3;3;5.012841436;0.018783783;132.0982591;0.01615301;1;70
1-M178;2;73;32.3904606;2;99;127.4;0.79;3;3;5.25408181;0.025231435;147.0827153;0.016441804;1;70
1-M179;2;73;35.69295634;2;99;127.4;0.79;3;3;6.636106509;0.025014171;150.9307474;0.027841042;1;70
1-M180;2;73;24.87101535;2;99;127.4;0.79;3;3;5.089035305;0.022522593;149.5234392;0.0194557;1;70
1-M181;2;73;30.17841027;2;99;127.4;0.79;3;3;5.144408771;0.028189527;136.6310915;0.017758329;1;70
1-M182;2;73;37.6141021;2;99;127.4;0.79;3;3;4.809600549;0.013950424;175.6273416;0.011242002;1;70
1-M183;2;73;25.08478454;2;99;127.4;0.79;3;3;5.121449012;0.029202226;140.2097941;0.02280456;1;70
1-M184;2;73;27.38494992;2;99;127.4;0.79;3;3;4.685083628;0.025521736;129.414379;0.022053596;1;70
1-M185;2;73;28.5324953;2;99;127.4;0.79;3;3;5.602220415;0.005418285;179.7191232;0.022336904;1;70
1-M186;2;73;29.98134564;2;99;127.4;0.79;3;3;4.852014063;0.022486226;152.0353236;0.017131652;1;70
1-M187;2;73;27.96585924;2;99;127.4;0.79;3;3;4.951582693;0.022838674;133.8707341;0.011617154;1;70
1-M188;2;73;32.34213064;2;99;127.4;0.79;3;3;5.528518366;0.019734411;145.6875719;0.018881094;1;70
1-M189;2;73;31.76927849;2;99;127.4;0.79;3;3;4.106623149;0.014933503;122.7781653;0.023522063;1;70
1-M190;2;73;32.20409339;2;99;127.4;0.79;3;3;4.892176735;0.021306583;144.7311783;0.023216026;1;70
1-M191;2;73;35.55623894;2;99;127.4;0.79;3;3;4.918560816;0.02162808;135.2101648;0.006031345;1;70
1-M192;2;73;34.23708914;2;99;127.4;0.79;3;3;5.511068725;0.02325544;170.6142916;0.019299593;1;70
1-M193;2;73;29.07405212;2;99;127.4;0.79;3;3;4.563038385;0.017158544;126.3548372;0.030995977;1;70
1-M194;2;73;34.30423584;2;99;127.4;0.79;3;3;5.938794223;0.019116276;168.3536882;0.003731222;1;70
1-M195;2;73;34.51100309;2;99;127.4;0.79;3;3;4.514961367;0.014664928;157.3646379;0.016329924;1;70
1-M196;2;73;29.39936631;2;99;127.4;0.79;3;3;4.848645592;0.022237451;140.7204324;0.037820152;1;70
1-M197;2;73;27.57994191;2;99;127.4;0.79;3;3;4.575216101;0.005092973;151.5582631;0.020871949;1;70
1-M198;2;73;39.54384743;2;99;127.4;0.79;3;3;5.732725386;0.015609197;151.6901841;0.035546313;1;70
1-M199;2;73;25.89580937;2;99;127.4;0.79;3;3;4.066819509;0.01247782;138.7224416;0.018998995;1;70
1-M200;2;73;37.32825389;2;99;127.4;0.79;3;3;4.192311767;0.014793481;147.1695489;0.023848857;1;70
1-M201;2;73;32.3687953;2;99;127.4;0.79;3;3;5.07064005;0.01441223;156.0878948;0.009746923;1;70
1-M202;2;73;29.56301639;2;99;127.4;0.79;3;3;3.593770801;0.011043354;153.7613603;0.021970256;1;70
1-M203;2;73;31.17665667;2;99;127.4;0.79;3;3;2.560871004;0.013154678;145.972044;0.007141053;1;70
1-M204;2;73;29.40867078;2;99;127.4;0.79;3;3;4.882855542;0.019515873;140.8765776;0.018013938;1;70
1-M205;2;73;37.32529034;2;99;127.4;0.79;3;3;4.854750726;0.009219858;158.219436;0.039730889;1;70
1-M206;2;73;27.07583409;2;99;127.4;0.79;3;3;5.187064438;0.014689406;174.3500893;0.005559897;1;70
1-M207;2;73;34.69023867;2;99;127.4;0.79;3;3;5.413314838;0.022901093;145.6136636;0.022445247;1;70
1-M208;2;73;24.60966372;2;99;127.4;0.79;3;3;6.441050824;0.026667281;162.4969439;0.015173028;1;70
1-M209;2;73;28.60085866;2;99;127.4;0.79;3;3;5.024893314;0.020318918;124.7086421;0.019768591;1;70
1-M210;2;73;34.88706935;2;99;127.4;0.79;3;3;3.584618027;0.013720011;178.1607508;0.027096146;1;70
1-M211;2;73;27.31944792;2;99;127.4;0.79;3;3;5.825452983;0.026601466;150.6408105;0.01544851;1;70
1-M212;2;73;36.58508423;2;99;127.4;0.79;3;3;3.488430592;0.01466226;142.4919471;0.02481558;1;70
1-M213;2;73;28.34853156;2;99;127.4;0.79;3;3;4.998726811;0.016347664;139.0933567;0.000558702;1;70
1-M214;2;73;32.63050403;2;99;127.4;0.79;3;3;6.762950394;0.016353391;148.8285789;0.006932834;1;70
1-M215;2;73;24.49590577;2;99;127.4;0.79;3;3;4.826841995;0.016880084;134.5955282;0.035278991;1;70
1-M216;2;73;25.44672593;2;99;127.4;0.79;3;3;5.204404365;0.017473417;158.2784829;0.02892112;1;70
1-M217;2;73;29.81903759;2;99;127.4;0.79;3;3;4.653825808;0.024159317;152.9232757;0.015493897;1;70
1-M218;2;73;28.70617165;2;99;127.4;0.79;3;3;3.706946558;0.015940142;170.3544358;0.042614616;1;70
1-M219;2;73;35.13784715;2;99;127.4;0.79;3;3;5.277937349;0.011786879;143.368843;0.014097325;1;70
1-M220;2;73;30.19528849;2;99;127.4;0.79;3;3;6.513719745;0.025536662;141.0425536;0.012729503;1;70
1-M221;2;73;26.78134504;2;99;127.4;0.79;3;3;5.587334651;0.022027093;162.7761287;0.020671821;1;70
1-M222;2;73;25.03635055;2;99;127.4;0.79;3;3;4.271425245;0.022424925;89.66958376;0.012463915;1;70
1-M223;2;73;27.88925463;2;99;127.4;0.79;3;3;5.29523851;0.023402275;112.5081601;0.026982927;1;70
1-M224;2;73;30.61256656;2;99;127.4;0.79;3;3;4.199758733;0.01722241;154.7841993;0.043196849;1;70
1-M225;2;73;30.18360571;2;99;127.4;0.79;3;3;4.526291647;0.015466892;146.4414931;0.010210905;1;70
1-M226;2;73;29.86958619;2;99;127.4;0.79;3;3;5.191100065;0.02046973;159.5824844;0.013184166;1;70
1-M227;2;73;25.42828902;2;99;127.4;0.79;3;3;3.569256301;0.019828714;105.0598758;0.018780048;1;70
1-M228;2;73;31.31793088;2;99;127.4;0.79;3;3;4.851650459;0.016048528;168.7941869;0.025834731;1;70
1-M229;2;73;31.01022181;2;99;127.4;0.79;3;3;5.254593499;0.019246786;163.8732648;0.016987614;1;70
1-M230;2;73;24.23821745;2;99;127.4;0.79;3;3;5.714921884;0.020477407;160.2523984;0.015393257;1;70
1-M231;2;73;32.20409372;2;99;127.4;0.79;3;3;4.962660598;0.02033978;177.4887863;0.008431546;1;70
1-M232;2;73;22.60401459;2;99;127.4;0.79;3;3;5.822868068;0.02716926;119.9961701;0.008274134;1;70
1-M233;2;73;28.22739606;2;99;127.4;0.79;3;3;4.717481685;0.012475618;160.0314802;0.020152623;1;70
1-M234;2;73;26.09798976;2;99;127.4;0.79;3;3;6.884347782;0.020251189;128.6438082;0.021786957;1;70
1-M235;2;73;26.29122222;2;99;127.4;0.79;3;3;5.489465365;0.020696375;134.2440722;0.070102988;1;70
1-M236;2;73;25.3947752;2;99;127.4;0.79;3;3;6.298349546;0.021493115;157.3367269;0.009085243;1;70
1-M237;2;73;26.65031064;2;99;127.4;0.79;3;3;5.934271652;0.026100871;102.4855455;0.018992752;1;70
1-M238;2;73;36.03380914;2;99;127.4;0.79;3;3;4.466399856;0.012770682;145.5661961;0.010984178;1;70
1-M239;2;73;25.68744354;2;99;127.4;0.79;3;3;5.443998588;0.018362637;155.7403309;0.012469635;1;70
1-M240;2;73;27.1149841;2;99;127.4;0.79;3;3;5.403072572;0.015177532;176.1911744;0.025854648;1;70
1-M241;2;73;28.87592588;2;99;127.4;0.79;3;3;4.928227459;0.023937031;163.0522738;0.017783536;1;70
1-M242;2;73;23.79710624;2;99;127.4;0.79;3;3;4.726897043;0.014045698;145.1721623;0.023632823;1;70
1-M243;2;73;26.68243333;2;99;127.4;0.79;3;3;4.759463936;0.020185741;149.9954507;0.016911564;1;70
1-M244;2;73;29.59117835;2;99;127.4;0.79;3;3;5.910065329;0.01269049;149.718818;0.002294452;1;70
1-M245;2;73;30.16757816;2;99;127.4;0.79;3;3;5.96680096;0.018588863;155.1409194;0.008817429;1;70
1-M246;2;73;33.18851024;2;99;127.4;0.79;3;3;4.351932972;0.014457933;139.2542736;0.031003307;1;70
1-M247;2;73;29.3213392;2;99;127.4;0.79;3;3;5.354058923;0.015329328;147.2480687;0.024546474;1;70
1-M248;2;73;30.78484756;2;99;127.4;0.79;3;3;4.829563956;0.009666242;152.5581352;0.023430213;1;70
1-M249;2;73;33.61831374;2;99;127.4;0.79;3;3;4.010141571;0.013836701;147.3013372;0.026015406;1;70
1-M250;2;73;28.14082268;2;99;127.4;0.79;3;3;5.018855432;0.023975149;156.8731259;0.014929921;1;70
1-M251;2;73;26.72529855;2;99;127.4;0.79;3;3;5.131469756;0.022970505;130.6735388;0.017546229;1;70
1-M252;2;73;32.05080879;2;99;127.4;0.79;3;3;6.051420585;0.021380932;159.8904461;0.005972339;1;70
1-M253;2;73;26.28234829;2;99;127.4;0.79;3;3;4.741169994;0.015888675;155.0149324;0.005131409;1;70
1-M254;2;73;29.16565349;2;99;127.4;0.79;3;3;5.583352143;0.020486607;140.8943867;0.024779328;1;70
1-M255;2;73;22.31901888;2;99;127.4;0.79;3;3;6.10526383;0.021703145;150.874404;0.021291497;1;70
1-M256;2;73;30.58655568;2;99;127.4;0.79;3;3;4.797644124;0.022540206;142.3815775;0.03189697;1;70
1-M257;2;73;29.08941162;2;99;127.4;0.79;3;3;4.807514927;0.02097342;161.6338013;0.018816076;1;70
1-M258;2;73;23.66667119;2;99;127.4;0.79;3;3;4.415812955;0.013642727;140.9812983;0.011549467;1;70
1-M259;2;73;31.38315003;2;99;127.4;0.79;3;3;3.88780759;0.015714102;157.9768141;0.019868817;1;70
1-M260;2;73;27.69862914;2;99;127.4;0.79;3;3;6.854258111;0.024646596;146.6213266;0.010185646;1;70
1-M261;2;73;27.53910491;2;99;127.4;0.79;3;3;5.015615711;0.022920802;91.38461985;0.039547135;1;70
1-M262;2;73;32.91248086;2;99;127.4;0.79;3;3;6.847690399;0.020512114;152.0285264;0.024748138;1;70
1-M263;2;73;33.45243621;2;99;127.4;0.79;3;3;4.565981819;0.022485458;140.8661139;0.030348622;1;70
1-M264;2;73;30.81780556;2;99;127.4;0.79;3;3;5.690542028;0.022498379;167.6040123;0.004444483;1;70
1-M265;2;73;35.10933981;2;99;127.4;0.79;3;3;6.467135045;0.022053259;150.1898331;0.006405278;1;70
1-M266;2;73;26.03863619;2;99;127.4;0.79;3;3;6.413208588;0.031590815;127.8269323;0.025644555;1;70
1-M267;2;73;31.79516846;2;99;127.4;0.79;3;3;4.827407257;0.022494516;172.9032801;0.017134998;1;70
1-M268;2;73;31.68524639;2;99;127.4;0.79;3;3;4.28489694;0.01212561;154.7159543;0.022659303;1;70
1-M269;2;73;24.72046767;2;99;127.4;0.79;3;3;3.845969114;0.01421064;157.5377122;0.038517902;1;70
1-M270;2;73;31.83939848;2;99;127.4;0.79;3;3;5.574448582;0.012571649;147.9865277;0.009453;1;70
1-M271;2;73;33.73076749;2;99;127.4;0.79;3;3;5.738085476;0.025505789;149.6879809;0.024638321;1;70
1-M272;2;73;25.97777095;2;99;127.4;0.79;3;3;4.975145385;0.01695213;154.3025265;0.0361478;1;70
1-M273;2;73;32.67470409;2;99;127.4;0.79;3;3;5.422393309;0.014593977;174.3216058;0.017435566;1;70
1-M274;2;73;29.94954273;2;99;127.4;0.79;3;3;5.223936259;0.013722935;140.9770666;0.015855179;1;70
1-M275;2;73;24.8299395;2;99;127.4;0.79;3;3;4.998759546;0.012079652;162.5166459;0.011707964;1;70
1-M276;2;73;26.86551071;2;99;127.4;0.79;3;3;6.063887304;0.019472257;139.2712211;0.016238743;1;70
1-M277;2;73;31.204478;2;99;127.4;0.79;3;3;4.458863065;0.016073527;181.6574562;0.02050859;1;70
1-M278;2;73;33.40527501;2;99;127.4;0.79;3;3;5.593180343;0.015999731;150.7694366;0.010710909;1;70
1-M279;2;73;33.11031183;2;99;127.4;0.79;3;3;4.342337991;0.017439414;151.3940722;0.01904787;1;70
1-M280;2;73;27.17744498;2;99;127.4;0.79;3;3;5.767295307;0.021288488;150.0655505;0.021967363;1;70
1-M281;2;73;28.44772486;2;99;127.4;0.79;3;3;5.225472293;0.016035471;128.0645742;0.032398581;1;70
1-M282;2;73;28.067524;2;99;127.4;0.79;3;3;5.960980664;0.022794227;143.6172729;0.009070045;1;70
1-M283;2;73;22.9365364;2;99;127.4;0.79;3;3;5.403189102;0.022079764;164.9220937;0.0228303;1;70
1-M284;2;73;26.77181877;2;99;127.4;0.79;3;3;5.591297031;0.027159235;159.1018055;0.014919942;1;70
1-M285;2;73;34.27887108;2;99;127.4;0.79;3;3;4.637307213;0.022000492;140.4589694;0.01683755;1;70
1-M286;2;73;33.47685014;2;99;127.4;0.79;3;3;4.784749625;0.012342626;140.9921102;0.006272467;1;70
1-M287;2;73;26.23190737;2;99;127.4;0.79;3;3;6.540033928;0.026414878;150.7991264;0.001807887;1;70
1-M288;2;73;31.55908778;2;99;127.4;0.79;3;3;4.044309256;0.012140754;143.5338753;0.009811113;1;70
1-M289;2;73;32.82922492;2;99;127.4;0.79;3;3;5.760782479;0.021382915;149.0960062;0.018258481;1;70
1-M290;2;73;33.8722807;2;99;127.4;0.79;3;3;5.320808416;0.019751886;181.2731549;0.015359723;1;70
1-M291;2;73;30.97940771;2;99;127.4;0.79;3;3;4.388003108;0.014566308;142.4105088;0.014898573;1;70
1-M292;2;73;23.75614584;2;99;127.4;0.79;3;3;5.257516819;0.0240686;133.2506627;0.019265431;1;70
1-M293;2;73;28.15942437;2;99;127.4;0.79;3;3;3.696765714;0.020721979;146.584868;0.009185259;1;70
1-M294;2;73;28.45262703;2;99;127.4;0.79;3;3;5.303368662;0.02352883;136.6402985;0.027445966;1;70
1-M295;2;73;25.11883594;2;99;127.4;0.79;3;3;4.187507316;0.015853657;166.1253483;0.032760424;1;70
1-M296;2;73;31.29339983;2;99;127.4;0.79;3;3;5.265364138;0.013516866;144.7144936;0.017607519;1;70
1-M297;2;73;29.9247945;2;99;127.4;0.79;3;3;4.361736546;0.018493525;168.8612736;0.019225201;1;70
1-M298;2;73;31.56653253;2;99;127.4;0.79;3;3;4.447454898;0.01784354;143.4613998;0.035847657;1;70
1-M299;2;73;25.46079245;2;99;127.4;0.79;3;3;5.406052249;0.01384505;136.4942562;0.018384297;1;70
1-M300;2;73;29.90131156;2;99;127.4;0.79;3;3;4.651363025;0.020398504;165.5410021;0.015747293;1;70
1-M301;2;73;35.03680985;2;99;127.4;0.79;3;3;3.758234706;0.023098541;138.7707794;0.018161898;1;70
1-M302;2;73;31.54181972;2;99;127.4;0.79;3;3;4.611686077;0.023018412;107.5613544;0.015408374;1;70
1-M303;2;73;28.47193446;2;99;127.4;0.79;3;3;4.616307206;0.023135028;120.9611267;0.019610512;1;70
1-M304;2;73;26.10861232;2;99;127.4;0.79;3;3;3.035266438;0.011616035;156.8198008;0.053815298;1;70
1-M305;2;73;28.61100679;2;99;127.4;0.79;3;3;4.907401379;0.01794411;144.5988636;0.019747635;1;70
1-M306;2;73;28.85949402;2;99;127.4;0.79;3;3;5.039544439;0.022742075;126.4063993;0.014291178;1;70
1-M307;2;73;24.5171558;2;99;127.4;0.79;3;3;5.957957271;0.031538358;96.01390225;0.021650307;1;70
1-M308;2;73;33.48574536;2;99;127.4;0.79;3;3;3.922057599;0.011728755;163.6169121;0.014146613;1;70
1-M309;2;73;28.51071608;2;99;127.4;0.79;3;3;5.207833042;0.008580055;171.1365171;0.009598593;1;70
1-M310;2;73;33.43603587;2;99;127.4;0.79;3;3;4.506432231;0.011274009;165.6813038;0.01788497;1;70
1-M311;2;73;31.08637079;2;99;127.4;0.79;3;3;6.513838898;0.019976441;168.7019715;0.021879796;1;70
1-M312;2;73;26.56662026;2;99;127.4;0.79;3;3;5.55343469;0.023405287;155.0841262;0.01413263;1;70
1-M313;2;73;34.11993097;2;99;127.4;0.79;3;3;5.214960329;0.013939123;144.0871269;0.017372441;1;70
1-M314;2;73;35.91751118;2;99;127.4;0.79;3;3;6.221818586;0.018992866;169.2967912;0.017264838;1;70
1-M315;2;73;32.54773543;2;99;127.4;0.79;3;3;4.364949247;0.017246231;171.1989835;0.021008366;1;70
1-M316;2;73;29.77996907;2;99;127.4;0.79;3;3;5.148378316;0.02230126;164.5565901;0.027164549;1;70
1-M317;2;73;32.20563754;2;99;127.4;0.79;3;3;7.118248755;0.027585601;153.3684041;0.019083226;1;70
1-M318;2;73;29.38534943;2;99;127.4;0.79;3;3;5.155576787;0.020943093;144.3100563;0.02148054;1;70
1-M319;2;73;30.19771542;2;99;127.4;0.79;3;3;4.708655481;0.011300061;156.0571139;0.013722277;1;70
1-M320;2;73;29.17272292;2;99;127.4;0.79;3;3;4.09164047;0.022444181;110.6976902;0.001649885;1;70
1-M321;2;73;26.58389125;2;99;127.4;0.79;3;3;4.289431491;0.019938816;158.1499511;0.029682365;1;70
1-M322;2;73;33.13590389;2;99;127.4;0.79;3;3;3.763003111;0.023924726;137.8741877;0.01723287;1;70
1-M323;2;73;29.94760681;2;99;127.4;0.79;3;3;5.479360771;0.024475782;160.474659;0.0160935;1;70
1-M324;2;73;30.25379733;2;99;127.4;0.79;3;3;5.759424762;0.018122272;157.4018505;0.010624372;1;70
1-M325;2;73;30.26195579;2;99;127.4;0.79;3;3;4.560040115;0.01212105;142.8330132;0.02005969;1;70
1-M326;2;73;26.80239695;2;99;127.4;0.79;3;3;3.600926301;0.016430358;145.6819876;0.021457203;1;70
1-M327;2;73;29.03978789;2;99;127.4;0.79;3;3;5.781026173;0.024822628;168.794873;0.016474223;1;70
1-M328;2;73;27.12665187;2;99;127.4;0.79;3;3;4.986860181;0.01862838;156.8556533;0.021914327;1;70
1-M329;2;73;27.98670262;2;99;127.4;0.79;3;3;5.597867349;0.01114329;157.9575206;0.018460135;1;70
1-M330;2;73;30.7469255;2;99;127.4;0.79;3;3;5.62337219;0.021658056;158.7374607;0.015304129;1;70
1-M331;2;73;28.62713395;2;99;127.4;0.79;3;3;4.237379651;0.015783134;161.2184932;0.021584056;1;70
1-M332;2;73;28.71611584;2;99;127.4;0.79;3;3;2.526595583;0.014816778;142.1026144;0.037922158;1;70
1-M333;2;73;29.61501717;2;99;127.4;0.79;3;3;5.319431903;0.016386232;157.8849013;0.017876849;1;70
1-M334;2;73;32.36506237;2;99;127.4;0.79;3;3;5.320820247;0.016741041;127.2109238;0.022200308;1;70
1-M335;2;73;34.59417241;2;99;127.4;0.79;3;3;4.866426638;0.013042269;156.4450941;0.006970124;1;70
1-M336;2;73;30.55223813;2;99;127.4;0.79;3;3;4.381128465;0.01641003;140.7847857;0.023977897;1;70
1-M337;2;73;34.33958999;2;99;127.4;0.79;3;3;5.138633775;0.01966541;172.9785083;0.012730073;1;70
1-M338;2;73;26.15554567;2;99;127.4;0.79;3;3;5.844475977;0.019968646;153.1535679;0.009115388;1;70
1-M339;2;73;29.18506754;2;99;127.4;0.79;3;3;5.824543963;0.016001893;151.3058023;0.041647742;1;70
1-M340;2;73;39.41322703;2;99;127.4;0.79;3;3;5.493014791;0.017627771;159.3967111;0.039135597;1;70
1-M341;2;73;34.75347443;2;99;127.4;0.79;3;3;6.710517423;0.02473;160.6748704;0.084629853;1;70
1-M342;2;73;28.22717828;2;99;127.4;0.79;3;3;5.293571262;0.018674892;143.3691843;0.013236895;1;70
1-M343;2;73;33.86570067;2;99;127.4;0.79;3;3;5.088924252;0.020128967;158.5673417;0.010253304;1;70
1-M344;2;73;26.18904747;2;99;127.4;0.79;3;3;3.678747293;0.019047812;135.4761553;0.015079247;1;70
1-M345;2;73;28.55682886;2;99;127.4;0.79;3;3;3.669992417;0.017728153;136.7093826;0.048062515;1;70
1-M346;2;73;24.40016784;2;99;127.4;0.79;3;3;5.135450072;0.022389742;147.6454967;0.029445253;1;70
1-M347;2;73;33.1440143;2;99;127.4;0.79;3;3;4.291598831;0.019705017;147.29277;0.022864515;1;70
1-M348;2;73;30.41986055;2;99;127.4;0.79;3;3;5.455493666;0.016346969;165.7761142;0.002209176;1;70
1-M349;2;73;40.42266765;2;99;127.4;0.79;3;3;4.707132996;0.015011;146.3997702;0.022953435;1;70
1-M350;2;73;27.89810729;2;99;127.4;0.79;3;3;4.899057293;0.020292593;148.6030561;0.027293831;1;70
1-M351;2;73;33.86282529;2;99;127.4;0.79;3;3;4.511191288;0.015832633;170.4958329;0.023241387;1;70
1-M352;2;73;29.67121993;2;99;127.4;0.79;3;3;4.826009838;0.021640899;132.9140941;0.014316618;1;70
1-M353;2;73;28.99683371;2;99;127.4;0.79;3;3;2.544177266;0.01309691;173.330973;0.033276422;1;70
1-M354;2;73;26.90381584;2;99;127.4;0.79;3;3;4.335648713;0.015038966;130.6980112;0.010855181;1;70
1-M355;2;73;26.13461965;2;99;127.4;0.79;3;3;5.282997097;0.023018849;137.7699407;0.020056369;1;70
1-M356;2;73;33.8363979;2;99;127.4;0.79;3;3;5.716602832;0.017078996;137.9136863;0.024817883;1;70
1-M357;2;73;27.22172654;2;99;127.4;0.79;3;3;5.871767221;0.016324404;146.1550446;0.020655448;1;70
1-M358;2;73;35.1577794;2;99;127.4;0.79;3;3;5.302600623;0.012597632;178.1522335;0.013670041;1;70
1-M359;2;73;29.70717946;2;99;127.4;0.79;3;3;5.005778975;0.014521359;159.7170495;0.043893917;1;70
1-M360;2;73;32.95022494;2;99;127.4;0.79;3;3;5.547131669;0.023061546;158.5901789;0.012067434;1;70
1-M361;2;73;26.82297713;2;99;127.4;0.79;3;3;5.237881491;0.024040546;160.8098677;0.02013437;1;70
1-M362;2;73;25.50030085;2;99;127.4;0.79;3;3;4.204804658;0.013516288;144.0016289;0.015475273;1;70
1-M363;2;73;30.55527458;2;99;127.4;0.79;3;3;5.364791682;0.019841587;153.5205396;0.019765171;1;70
1-M364;2;73;32.57286845;2;99;127.4;0.79;3;3;4.95621534;0.015595829;145.5116372;0.014872524;1;70
1-M365;2;73;35.32598528;2;99;127.4;0.79;3;3;3.156513931;0.010709573;158.2307856;0.031476943;1;70
1-M366;2;73;32.80017193;2;99;127.4;0.79;3;3;4.721505754;0.017829214;120.0314727;0.014227269;1;70
1-M367;2;73;31.89137202;2;99;127.4;0.79;3;3;5.08559891;0.018355695;151.4765361;0.022346304;1;70
1-M368;2;73;35.70181156;2;99;127.4;0.79;3;3;3.92823337;0.010495713;171.0319444;0.021769139;1;70
1-M369;2;73;29.25002475;2;99;127.4;0.79;3;3;6.086968064;0.017641121;128.4549209;0.025183316;1;70
1-M370;2;73;27.147951;2;99;127.4;0.79;3;3;4.59633296;0.015385096;143.8195101;0.01279983;1;70
1-M371;2;73;29.43521154;2;99;127.4;0.79;3;3;4.722646231;0.01551267;165.919227;0.016705253;1;70
1-M372;2;73;29.98567139;2;99;127.4;0.79;3;3;4.04536446;0.018795453;143.6348848;0.030990335;1;70
1-M373;2;73;27.98998194;2;99;127.4;0.79;3;3;6.031558494;0.020612552;156.7735143;0.025179674;1;70
1-M374;2;73;35.75037328;2;99;127.4;0.79;3;3;4.751250295;0.007747944;114.7089857;0.0199973;1;70
1-M375;2;73;32.10286935;2;99;127.4;0.79;3;3;4.670022487;0.007858299;144.1925082;0.027285169;1;70
1-M376;2;73;28.54515403;2;99;127.4;0.79;3;3;5.238026274;0.019978903;141.6198337;0.005921873;1;70
1-M377;2;73;35.78771008;2;99;127.4;0.79;3;3;3.052729323;0.005251271;162.9578573;0.025219805;1;70
1-M378;2;73;30.17454991;2;99;127.4;0.79;3;3;4.659792539;0.024256202;144.3514877;0.044881125;1;70
1-M379;2;73;28.59682734;2;99;127.4;0.79;3;3;4.616339819;0.018544061;162.2497739;0.019962136;1;70
1-M380;2;73;31.5884201;2;99;127.4;0.79;3;3;5.22619544;0.017807217;167.6450997;0.011945443;1;70
1-M381;2;73;26.24336781;2;99;127.4;0.79;3;3;3.792419462;0.018395327;159.7314733;0.019871965;1;70
1-M382;2;73;28.55186683;2;99;127.4;0.79;3;3;4.801948488;0.019330425;142.2388879;0.019707098;1;70
1-M383;2;73;31.98113496;2;99;127.4;0.79;3;3;5.123045538;0.024393322;145.7700493;0.010781867;1;70
1-M384;2;73;26.47139799;2;99;127.4;0.79;3;3;7.140329305;0.025734511;157.370843;0.026127758;1;70
1-M385;2;73;30.2639715;2;99;127.4;0.79;3;3;5.373508968;0.01732535;175.9782999;0.012650752;1;70
1-M386;2;73;30.61772974;2;99;127.4;0.79;3;3;5.624963232;0.020239692;144.867919;0.02026071;1;70
1-M387;2;73;32.24933049;2;99;127.4;0.79;3;3;4.52091379;0.010509002;144.04894;0.009534581;1;70
1-M388;2;73;25.29775152;2;99;127.4;0.79;3;3;5.485792981;0.023724436;133.1447949;0.006130733;1;70
1-M389;2;73;27.61393324;2;99;127.4;0.79;3;3;4.620888436;0.014631137;141.3263108;0.023241089;1;70
1-M390;2;73;27.38793864;2;99;127.4;0.79;3;3;5.082121465;0.018490798;139.8081076;0.013229036;1;70
1-M391;2;73;27.82897517;2;99;127.4;0.79;3;3;5.615147515;0.023447512;138.7974762;0.020812686;1;70
1-M392;2;73;27.63983267;2;99;127.4;0.79;3;3;4.136593883;0.017080689;169.1590033;0.011840833;1;70
1-M393;2;73;31.32541302;2;99;127.4;0.79;3;3;4.573924978;0.018874097;166.3380499;0.02363935;1;70
1-M394;2;73;26.45713864;2;99;127.4;0.79;3;3;4.755092283;0.021195647;104.9691097;0.014313449;1;70
1-M395;2;73;25.65189206;2;99;127.4;0.79;3;3;4.746163501;0.01689164;147.1666835;0.019002195;1;70
1-M396;2;73;28.08173248;2;99;127.4;0.79;3;3;5.04482743;0.013800036;184.2221519;0.01833493;1;70
1-M397;2;73;33.30716727;2;99;127.4;0.79;3;3;5.168960497;0.013097824;160.5510553;0.026737602;1;70
1-M398;2;73;35.7428007;2;99;127.4;0.79;3;3;3.201446534;0.011050304;169.9426662;0.016028404;1;70
1-M399;2;73;37.85769952;2;99;127.4;0.79;3;3;5.095345007;0.013311584;168.8157129;0.015252605;1;70
1-M400;2;73;27.36758255;2;99;127.4;0.79;3;3;4.245795323;0.017283425;146.582987;0.013670508;1;70
1-M401;2;73;32.43230125;2;99;127.4;0.79;3;3;4.22975926;0.013599717;160.1628779;0.017869451;1;70
1-M402;2;73;23.55784424;2;99;127.4;0.79;3;3;3.921260776;0.014690135;161.486036;0.014838781;1;70
1-M403;2;73;27.30114205;2;99;127.4;0.79;3;3;5.875681512;0.017519429;180.7164846;0.013245545;1;70
1-M404;2;73;31.68710253;2;99;127.4;0.79;3;3;4.532105071;0.028001729;129.0309298;0.008912541;1;70
1-M405;2;73;32.04945222;2;99;127.4;0.79;3;3;4.444944587;0.019252445;147.1504607;0.01424705;1;70
1-M406;2;73;23.89824848;2;99;127.4;0.79;3;3;5.157900285;0.020977197;138.1846166;0.023830214;1;70
1-M407;2;73;27.81459136;2;99;127.4;0.79;3;3;6.230201999;0.02319016;159.5432237;0.016235977;1;70
1-M408;2;73;29.23064491;2;99;127.4;0.79;3;3;4.330310905;0.015688864;148.5064072;0.027181051;1;70
1-M409;2;73;30.15949694;2;99;127.4;0.79;3;3;3.794465324;0.013533204;142.8117057;0.076268898;1;70
1-M410;2;73;30.58777779;2;99;127.4;0.79;3;3;5.971620607;0.022077612;185.3202865;0.024148316;1;70
1-M411;2;73;38.89233215;2;99;127.4;0.79;3;3;3.986929629;0.016331602;128.9772699;0.019017024;1;70
1-M412;2;73;26.74171522;2;99;127.4;0.79;3;3;4.496620103;0.01991408;132.7085752;0.077590666;1;70
1-M413;2;73;31.96424127;2;99;127.4;0.79;3;3;5.233642191;0.012809251;144.2188874;0.003519516;1;70
1-M414;2;73;27.50684078;2;99;127.4;0.79;3;3;5.239240227;0.021452208;165.4178005;0.00481553;1;70
1-M415;2;73;27.95675531;2;99;127.4;0.79;3;3;5.617545597;0.020948886;138.1492006;0.023277401;1;70
1-M416;2;73;32.04173352;2;99;127.4;0.79;3;3;4.936821599;0.018156139;176.8417029;0.006863488;1;70
1-M417;2;73;26.72450906;2;99;127.4;0.79;3;3;5.247319617;0.016051037;185.105578;0.013309291;1;70
1-M418;2;73;27.37781478;2;99;127.4;0.79;3;3;7.0230394;0.016985396;150.6286966;0.015804508;1;70
1-M419;2;73;28.79345471;2;99;127.4;0.79;3;3;4.827500315;0.015444647;158.0166408;0.024120189;1;70
1-M420;2;73;31.10938653;2;99;127.4;0.79;3;3;5.190856015;0.016567649;159.448504;0.030159954;1;70
1-M421;2;73;28.53136835;2;99;127.4;0.79;3;3;2.581462964;0.009478183;141.5284056;0.010696967;1;70
1-M422;2;73;27.89729764;2;99;127.4;0.79;3;3;5.081328245;0.021184437;128.1337291;0.011932631;1;70
1-M423;2;73;24.44744265;2;99;127.4;0.79;3;3;4.956218887;0.017650937;149.8496692;0.021739713;1;70
1-M424;2;73;26.27290506;2;99;127.4;0.79;3;3;5.772147846;0.022178441;127.8076975;0.005844195;1;70
1-M425;2;73;27.8757142;2;99;127.4;0.79;3;3;5.217869209;0.025152525;126.8782564;0.014251814;1;70
1-M426;2;73;39.58679971;2;99;127.4;0.79;3;3;6.922938672;0.021497988;191.0380714;0.014276362;1;70
1-M427;2;73;33.56145569;2;99;127.4;0.79;3;3;5.501479884;0.020304364;150.16077;0.04123909;1;70
1-M428;2;73;31.22520538;2;99;127.4;0.79;3;3;5.429221941;0.024272034;173.860785;0.021923364;1;70
1-M429;2;73;25.15994495;2;99;127.4;0.79;3;3;6.622044714;0.036958904;108.6442086;0.021904389;1;70
1-M430;2;73;26.32666765;2;99;127.4;0.79;3;3;4.897673597;0.028868097;163.8422743;0.024823584;1;70
1-M431;2;73;26.30099389;2;99;127.4;0.79;3;3;4.61946949;0.025053054;138.6726427;0.016896029;1;70
1-M432;2;73;33.94133072;2;99;127.4;0.79;3;3;4.105890973;0.013988424;153.5298756;0.025540429;1;70
1-M433;2;73;27.87263027;2;99;127.4;0.79;3;3;4.029226395;0.019426315;183.6372843;0.03209881;1;70
1-M434;2;73;34.31939114;2;99;127.4;0.79;3;3;5.474753219;0.01259029;158.6167717;0.030888426;1;70
1-M435;2;73;26.66657188;2;99;127.4;0.79;3;3;3.756878845;0.016106029;93.79646966;0.015011091;1;70
1-M436;2;73;26.95852165;2;99;127.4;0.79;3;3;3.381548187;0.010946747;158.6899222;0.030902884;1;70
1-M437;2;73;26.87954043;2;99;127.4;0.79;3;3;5.240020568;0.017443147;155.7351213;0.017729356;1;70
1-M438;2;73;33.30197419;2;99;127.4;0.79;3;3;4.141490116;0.023588734;132.4655001;0.005948465;1;70
1-M439;2;73;29.38338217;2;99;127.4;0.79;3;3;4.687515886;0.024486151;122.5514473;0.004527574;1;70
1-M440;2;73;32.77975897;2;99;127.4;0.79;3;3;4.698770119;0.017923555;168.7114541;0.023803765;1;70
1-M441;2;73;32.3470954;2;99;127.4;0.79;3;3;5.276187851;0.014912804;185.9800737;0.020734863;1;70
1-M442;2;73;30.12743337;2;99;127.4;0.79;3;3;5.802840614;0.021668241;164.0994505;0.051425633;1;70
1-M443;2;73;32.89519668;2;99;127.4;0.79;3;3;4.896708527;0.015722744;156.675705;0.022752437;1;70
1-M444;2;73;26.33654415;2;99;127.4;0.79;3;3;5.03149994;0.018412202;178.6061911;0.014783803;1;70
1-M445;2;73;32.73179339;2;99;127.4;0.79;3;3;4.057137249;0.006611943;161.6368876;0.023797828;1;70
1-M446;2;73;33.1362485;2;99;127.4;0.79;3;3;7.338286214;0.025496581;154.538308;0.008340521;1;70
1-M447;2;73;28.12576094;2;99;127.4;0.79;3;3;4.462522032;0.019033042;158.2711866;0.011038525;1;70
1-M448;2;73;25.41393737;2;99;127.4;0.79;3;3;4.941163827;0.019910635;154.1316205;0.027180941;1;70
1-M449;2;73;35.20229601;2;99;127.4;0.79;3;3;6.041406983;0.017931689;161.8910241;0.00816367;1;70
1-M450;2;73;39.50024597;2;99;127.4;0.79;3;3;5.170894977;0.017822158;149.0686467;0.022468619;1;70
1-M451;2;73;29.42931143;2;99;127.4;0.79;3;3;4.728691693;0.016138142;160.2083981;0.026073553;1;70
1-M452;2;73;25.48469954;2;99;127.4;0.79;3;3;3.76192306;0.008852008;145.2288293;0.009651891;1;70
1-M453;2;73;28.84441696;2;99;127.4;0.79;3;3;3.771397935;0.018798787;108.2872913;0.019723505;1;70
1-M454;2;73;31.00473154;2;99;127.4;0.79;3;3;6.048666448;0.02043938;158.2599914;0.036986225;1;70
1-M455;2;73;34.11642529;2;99;127.4;0.79;3;3;4.40775382;0.023647485;150.5297196;0.024390029;1;70
1-M456;2;73;33.4921406;2;99;127.4;0.79;3;3;5.517230412;0.022339272;168.9683644;0.01962054;1;70
1-M457;2;73;31.99228378;2;99;127.4;0.79;3;3;4.455909732;0.018322801;165.7508212;0.011179603;1;70
1-M458;2;73;33.41018225;2;99;127.4;0.79;3;3;4.703042851;0.021751632;143.7297358;0.026215989;1;70
1-M459;2;73;32.25560115;2;99;127.4;0.79;3;3;4.2021185;0.021538375;145.5298804;0.013452394;1;70
1-M460;2;73;31.67930577;2;99;127.4;0.79;3;3;3.796680489;0.012794494;172.7518703;0.00787605;1;70
1-M461;2;73;31.78364311;2;99;127.4;0.79;3;3;4.512395531;0.020543759;147.055598;0.023582635;1;70
1-M462;2;73;27.71581499;2;99;127.4;0.79;3;3;5.386425317;0.021391468;143.3151983;0.029331035;1;70
1-M463;2;73;28.96180945;2;99;127.4;0.79;3;3;3.730308431;0.011105717;148.5040614;0.024045237;1;70
1-M464;2;73;30.11704546;2;99;127.4;0.79;3;3;5.338644163;0.015583136;176.2718686;0.006414809;1;70
1-M465;2;73;27.49947615;2;99;127.4;0.79;3;3;5.020470631;0.015652981;139.3944845;0.017347633;1;70
1-M466;2;73;27.81791214;2;99;127.4;0.79;3;3;5.949601934;0.015489991;132.940732;0.009349882;1;70
1-M467;2;73;29.87630248;2;99;127.4;0.79;3;3;5.254413361;0.026348995;125.996237;0.022828217;1;70
1-M468;2;73;30.18433331;2;99;127.4;0.79;3;3;5.122394982;0.019693238;138.8313043;0.007884728;1;70
1-M469;2;73;34.60716806;2;99;127.4;0.79;3;3;5.187607375;0.018028645;172.6518868;0.014984005;1;70
1-M470;2;73;25.23109608;2;99;127.4;0.79;3;3;4.53133743;0.019807022;140.5921094;0.028616839;1;70
1-M471;2;73;27.08478678;2;99;127.4;0.79;3;3;6.225389835;0.023890809;162.8707118;0.003753707;1;70
1-M472;2;73;29.71747845;2;99;127.4;0.79;3;3;3.635908026;0.019800356;131.4435898;0.01977949;1;70
1-M473;2;73;30.29777541;2;99;127.4;0.79;3;3;4.857265028;0.015392977;158.7649141;0.031797909;1;70
1-M474;2;73;36.5045816;2;99;127.4;0.79;3;3;6.070226524;0.030722598;146.376867;0.019382767;1;70
1-M475;2;73;33.27448614;2;99;127.4;0.79;3;3;5.187646903;0.016593184;136.6062175;0.009696715;1;70
1-M476;2;73;27.31545118;2;99;127.4;0.79;3;3;5.292868295;0.014604228;165.7007188;0.021291552;1;70
1-M477;2;73;25.73073957;2;99;127.4;0.79;3;3;4.673750258;0.021287372;141.2754777;0.058953199;1;70
1-M478;2;73;26.37162227;2;99;127.4;0.79;3;3;4.55320691;0.025720021;127.0919917;0.017616837;1;70
1-M479;2;73;26.94912223;2;99;127.4;0.79;3;3;5.849798711;0.020024179;164.3678648;0.017915062;1;70
1-M480;2;73;32.08022506;2;99;127.4;0.79;3;3;4.706200236;0.021050892;158.6244896;0.013875125;1;70
1-M481;2;73;35.87613852;2;99;127.4;0.79;3;3;5.286490731;0.021145239;162.1517005;0.014940482;1;70
1-M482;2;73;25.9691822;2;99;127.4;0.79;3;3;5.198699522;0.028448323;145.9476957;0.026671499;1;70
1-M483;2;73;36.05742129;2;99;127.4;0.79;3;3;4.08507434;0.019951694;140.3400651;0.013757492;1;70
1-M484;2;73;33.00437292;2;99;127.4;0.79;3;3;5.806326942;0.019164561;163.3733987;0.010142208;1;70
1-M485;2;73;25.78611596;2;99;127.4;0.79;3;3;4.388460145;0.023747968;110.2883813;0.008025598;1;70
1-M486;2;73;27.03361512;2;99;127.4;0.79;3;3;5.427369269;0.013282061;166.0237793;0.018456834;1;70
1-M487;2;73;28.15190785;2;99;127.4;0.79;3;3;5.472039922;0.025620828;142.1483369;0.015050822;1;70
1-M488;2;73;29.80206702;2;99;127.4;0.79;3;3;5.38980069;0.019860084;126.7767875;0.018314128;1;70
1-M489;2;73;32.4172804;2;99;127.4;0.79;3;3;4.808222837;0.017293792;153.1451873;0.011959525;1;70
1-M490;2;73;30.23379321;2;99;127.4;0.79;3;3;5.138082029;0.014138832;163.7872595;0.014604379;1;70
1-M491;2;73;31.03094119;2;99;127.4;0.79;3;3;5.159434173;0.023023667;159.6775934;0.019181389;1;70
1-M492;2;73;27.77466842;2;99;127.4;0.79;3;3;5.170827755;0.019708461;172.8815226;0.019568575;1;70
1-M493;2;73;31.9110661;2;99;127.4;0.79;3;3;4.170827731;0.013078109;142.7239052;0.038792701;1;70
1-M494;2;73;26.82230008;2;99;127.4;0.79;3;3;5.299228542;0.021200811;138.5966648;0.018531042;1;70
1-M495;2;73;26.70364843;2;99;127.4;0.79;3;3;4.468342423;0.022657066;102.2068215;0.023379846;1;70
1-M496;2;73;32.56489904;2;99;127.4;0.79;3;3;4.862104638;0.015253273;130.2130217;0.019965188;1;70
1-M497;2;73;31.31173765;2;99;127.4;0.79;3;3;4.977393994;0.018387594;156.2313526;0.020554298;1;70
1-M498;2;73;36.59344323;2;99;127.4;0.79;3;3;4.815154475;0.022104777;145.1071133;0.025509271;1;70
1-M499;2;73;37.00452951;2;99;127.4;0.79;3;3;4.429571471;0.014504998;156.8950585;0.030935183;1;70
1-M500;2;73;33.72092382;2;99;127.4;0.79;3;3;4.375721252;0.016453961;199.7557632;0.022828414;1;70
1-M501;2;73;31.4333454;2;99;127.4;0.79;3;3;5.56534838;0.018782043;133.5018759;0.008731219;1;70
1-M502;2;73;34.02857312;2;99;127.4;0.79;3;3;5.708826457;0.020560197;134.0873345;0.014094091;1;70
1-M503;2;73;32.62560739;2;99;127.4;0.79;3;3;8.051806212;0.02628157;119.9169506;0.005860361;1;70
1-M504;2;73;29.42031099;2;99;127.4;0.79;3;3;5.203813939;0.02197465;147.2684357;0.021796773;1;70
1-M505;2;73;25.76769918;2;99;127.4;0.79;3;3;4.094444309;0.013535493;127.8676562;0.015326551;1;70
1-M506;2;73;23.053973;2;99;127.4;0.79;3;3;5.65996807;0.018533864;156.1323919;0.038241572;1;70
1-M507;2;73;21.33326391;2;99;127.4;0.79;3;3;4.424812773;0.01957331;148.54839;0.023460305;1;70
1-M508;2;73;26.50010583;2;99;127.4;0.79;3;3;4.80874371;0.021164132;143.0302307;0.019900104;1;70
1-M509;2;73;30.96282822;2;99;127.4;0.79;3;3;4.409255904;0.014678268;165.788138;0.059565399;1;70
1-M510;2;73;31.87602553;2;99;127.4;0.79;3;3;3.738357111;0.018640249;126.1087749;0.018101497;1;70
1-M511;2;73;30.42596978;2;99;127.4;0.79;3;3;4.397518714;0.009509042;160.4684251;0.026389633;1;70
1-M512;2;73;33.97274434;2;99;127.4;0.79;3;3;4.95885955;0.013305496;163.891144;0.028250079;1;70
1-M513;2;73;29.69125194;2;99;127.4;0.79;3;3;5.506814442;0.022042012;141.8968691;0.021987337;1;70
1-M514;2;73;29.59089672;2;99;127.4;0.79;3;3;4.285430948;0.019501346;102.0872709;0.029328641;1;70
1-M515;2;73;29.56048309;2;99;127.4;0.79;3;3;5.272452964;0.022090225;149.1964481;0.018590471;1;70
1-M516;2;73;33.70674709;2;99;127.4;0.79;3;3;4.82004005;0.018598957;139.3697171;0.024638476;1;70
1-M517;2;73;32.69465954;2;99;127.4;0.79;3;3;3.593815102;0.022119722;173.2825072;0.021057518;1;70
1-M518;2;73;32.15540868;2;99;127.4;0.79;3;3;5.303119193;0.020533039;163.7120035;0.002565326;1;70
1-M519;2;73;27.8533001;2;99;127.4;0.79;3;3;6.143486604;0.016535614;147.574981;0.024834727;1;70
1-M520;2;73;29.00528871;2;99;127.4;0.79;3;3;4.524405577;0.014652727;139.9895708;0.002723034;1;70
1-M521;2;73;28.15407072;2;99;127.4;0.79;3;3;4.274924823;0.01887303;147.028856;0.025334412;1;70
1-M522;2;73;29.65597066;2;99;127.4;0.79;3;3;4.522245847;0.013645631;179.8505823;0.023770049;1;70
1-M523;2;73;28.47690199;2;99;127.4;0.79;3;3;5.50159358;0.011732766;145.9106671;0.002530156;1;70
1-M524;2;73;30.6506421;2;99;127.4;0.79;3;3;5.071814556;0.018943284;155.2781314;0.016058912;1;70
1-M525;2;73;35.89119482;2;99;127.4;0.79;3;3;6.016463273;0.022958532;161.9539527;0.011265603;1;70
1-M526;2;73;24.03607296;2;99;127.4;0.79;3;3;5.541346404;0.024513387;119.9513128;0.040638437;1;70
1-M527;2;73;28.01523765;2;99;127.4;0.79;3;3;4.275424806;0.016548982;150.4422622;0.013270487;1;70
1-M528;2;73;30.70083536;2;99;127.4;0.79;3;3;6.474585344;0.019372164;170.2478644;0.013820137;1;70
1-M529;2;73;41.64667107;2;99;127.4;0.79;3;3;3.945649216;0.010707105;169.6274582;0.022496095;1;70
1-M530;2;73;26.93956955;2;99;127.4;0.79;3;3;5.749663761;0.022931142;172.5615346;0.02084411;1;70
1-M531;2;73;27.44406578;2;99;127.4;0.79;3;3;4.403603592;0.013498894;138.5823285;0.01280365;1;70
1-M532;2;73;30.44938307;2;99;127.4;0.79;3;3;5.155297606;0.017110239;145.2162416;0.019188522;1;70
1-M533;2;73;25.39468386;2;99;127.4;0.79;3;3;5.307797909;0.016360685;173.4000008;0.018260775;1;70
1-M534;2;73;31.51741645;2;99;127.4;0.79;3;3;6.016098025;0.024183694;132.8113166;0.020373264;1;70
1-M535;2;73;28.0733337;2;99;127.4;0.79;3;3;6.203149123;0.032996792;136.7276999;0.020110132;1;70
1-M536;2;73;31.71074966;2;99;127.4;0.79;3;3;2.815961182;0.014961915;131.794823;0.020396801;1;70
1-M537;2;73;28.4337093;2;99;127.4;0.79;3;3;4.325185465;0.018920742;157.4054722;0.014831602;1;70
1-M538;2;73;27.6302571;2;99;127.4;0.79;3;3;4.865473777;0.02078428;133.0553317;0.004414072;1;70
1-M539;2;73;25.25709046;2;99;127.4;0.79;3;3;5.554244518;0.019928232;173.0101131;0.008603462;1;70
1-M540;2;73;31.69845597;2;99;127.4;0.79;3;3;4.391748737;0.025092259;162.5180437;0.006879894;1;70
1-M541;2;73;31.81343774;2;99;127.4;0.79;3;3;4.397786822;0.016952446;152.7066729;0.013186567;1;70
1-M542;2;73;27.4071106;2;99;127.4;0.79;3;3;4.203411181;0.017885873;154.671216;0.014428958;1;70
1-M543;2;73;28.65684316;2;99;127.4;0.79;3;3;6.713029483;0.028532994;143.8762961;0.009111444;1;70
1-M544;2;73;34.67693077;2;99;127.4;0.79;3;3;4.835845608;0.017708089;158.2027592;0.021416026;1;70
1-M545;2;73;32.2360776;2;99;127.4;0.79;3;3;4.853888591;0.016233707;161.5284001;0.028363582;1;70
1-M546;2;73;26.45029766;2;99;127.4;0.79;3;3;4.928903576;0.029015462;156.6984671;0.026103143;1;70
1-M547;2;73;28.28707192;2;99;127.4;0.79;3;3;6.093653852;0.014662309;176.5198053;0.00895717;1;70
1-M548;2;73;26.52773333;2;99;127.4;0.79;3;3;6.519173912;0.028360081;142.7339646;0.017131379;1;70
1-M549;2;73;36.38050857;2;99;127.4;0.79;3;3;5.083800378;0.016601853;178.5242226;0.026356246;1;70
1-M550;2;73;32.26207549;2;99;127.4;0.79;3;3;5.098050021;0.027630083;138.9479152;0.017381428;1;70
1-M551;2;73;31.41312595;2;99;127.4;0.79;3;3;3.848621339;0.014577894;173.4617767;0.030668766;1;70
1-M552;2;73;25.79320549;2;99;127.4;0.79;3;3;4.967093063;0.02495388;149.7954852;0.017850199;1;70
1-M553;2;73;32.13922404;2;99;127.4;0.79;3;3;4.15671802;0.012976595;182.7813607;0.027040034;1;70
1-M554;2;73;33.74309145;2;99;127.4;0.79;3;3;4.493838332;0.016356197;160.3793019;0.018590263;1;70
1-M555;2;73;22.63813043;2;99;127.4;0.79;3;3;5.881773285;0.023131761;141.4333872;0.026096925;1;70
1-M556;2;73;40.12831369;2;99;127.4;0.79;3;3;5.1419882;0.01800544;167.471472;0.00676656;1;70
1-M557;2;73;23.24331677;2;99;127.4;0.79;3;3;6.093044323;0.020832134;150.7530295;0.020446984;1;70
1-M558;2;73;33.10368131;2;99;127.4;0.79;3;3;5.719160828;0.021420725;162.5986865;0.016163368;1;70
1-M559;2;73;29.56039962;2;99;127.4;0.79;3;3;5.022602526;0.014754844;154.1870126;0.025518315;1;70
1-M560;2;73;30.02912177;2;99;127.4;0.79;3;3;3.538649894;0.020245253;135.2790997;0.01508617;1;70
1-M561;2;73;24.94483339;2;99;127.4;0.79;3;3;5.421390155;0.017456962;147.7386062;0.047834101;1;70
1-M562;2;73;31.99962542;2;99;127.4;0.79;3;3;5.779091751;0.025341393;145.7399243;0.016458609;1;70
1-M563;2;73;31.57548361;2;99;127.4;0.79;3;3;5.823026939;0.021036805;158.7014869;0.042869495;1;70
1-M564;2;73;28.36455836;2;99;127.4;0.79;3;3;4.121314809;0.019530421;170.0235399;0.015318829;1;70
1-M565;2;73;32.58519571;2;99;127.4;0.79;3;3;5.465811176;0.019882542;146.1816552;0.074177763;1;70
1-M566;2;73;35.43180221;2;99;127.4;0.79;3;3;4.737545568;0.028103764;134.0524433;0.015038756;1;70
1-M567;2;73;26.15876395;2;99;127.4;0.79;3;3;6.192174474;0.025960981;137.2133677;0.026352662;1;70
1-M568;2;73;36.08315287;2;99;127.4;0.79;3;3;6.464870417;0.015929676;185.2489195;0.012408855;1;70
1-M569;2;73;34.46547293;2;99;127.4;0.79;3;3;6.596255494;0.033156172;141.7908349;0.011207241;1;70
1-M570;2;73;37.82457827;2;99;127.4;0.79;3;3;4.339578134;0.014213842;93.9766605;0.026807396;1;70
1-M571;2;73;26.8421771;2;99;127.4;0.79;3;3;5.399556888;0.019182164;164.6540169;0.032562424;1;70
1-M572;2;73;28.01954089;2;99;127.4;0.79;3;3;5.276717046;0.018112301;152.335746;0.048691458;1;70
1-M573;2;73;34.44361346;2;99;127.4;0.79;3;3;5.498939713;0.021163897;146.630929;0.029750809;1;70
1-M574;2;73;26.91610975;2;99;127.4;0.79;3;3;6.490814275;0.023871223;135.8003136;0.013545482;1;70
1-M575;2;73;28.05936926;2;99;127.4;0.79;3;3;5.05567034;0.023956621;136.6844811;0.012472779;1;70
1-M576;2;73;31.43957535;2;99;127.4;0.79;3;3;4.717998171;0.009266279;156.2925098;0.021819523;1;70
1-M577;2;73;31.86456269;2;99;127.4;0.79;3;3;5.740571692;0.01518273;143.4436841;0.017772743;1;70
1-M578;2;73;22.07515134;2;99;127.4;0.79;3;3;5.598049927;0.026453157;136.4237864;0.015010407;1;70
1-M579;2;73;33.65153255;2;99;127.4;0.79;3;3;4.144560611;0.013425698;164.6165713;0.016445692;1;70
1-M580;2;73;27.84661068;2;99;127.4;0.79;3;3;5.075519098;0.016836057;130.3029212;0.021226002;1;70
1-M581;2;73;34.84225258;2;99;127.4;0.79;3;3;5.700593083;0.01670157;122.0641437;0.013537288;1;70
1-M582;2;73;29.53688633;2;99;127.4;0.79;3;3;8.031133346;0.027575697;147.1441836;0.029004158;1;70
1-M583;2;73;24.86846221;2;99;127.4;0.79;3;3;6.386249909;0.022585048;132.1882919;0.01665512;1;70
1-M584;2;73;29.22437085;2;99;127.4;0.79;3;3;4.680802109;0.01521854;146.9435778;0.009772176;1;70
1-M585;2;73;31.39893589;2;99;127.4;0.79;3;3;5.180537882;0.013620329;155.10605;0.022513876;1;70
1-M586;2;73;25.30728977;2;99;127.4;0.79;3;3;4.582522233;0.015988645;150.0682086;0.019219451;1;70
1-M587;2;73;30.13807975;2;99;127.4;0.79;3;3;4.470612146;0.014803005;180.282361;0.006829297;1;70
1-M588;2;73;34.14782108;2;99;127.4;0.79;3;3;5.3417054;0.018194721;173.7959157;0.042807027;1;70
1-M589;2;73;26.84130893;2;99;127.4;0.79;3;3;4.418449379;0.022396469;139.2670975;0.016735511;1;70
1-M590;2;73;29.70906521;2;99;127.4;0.79;3;3;5.092959807;0.013309402;146.3147799;0.020669928;1;70
1-M591;2;73;31.99405721;2;99;127.4;0.79;3;3;4.156759551;0.011895627;149.696774;0.025470835;1;70
1-M592;2;73;26.77435585;2;99;127.4;0.79;3;3;4.468970249;0.017625349;125.871075;0.053290785;1;70
1-M593;2;73;28.65960245;2;99;127.4;0.79;3;3;4.878041003;0.020697314;151.0747384;0.017859741;1;70
1-M594;2;73;32.19683777;2;99;127.4;0.79;3;3;5.109605391;0.02044665;165.2201449;0.014031072;1;70
1-M595;2;73;31.54697366;2;99;127.4;0.79;3;3;6.75061549;0.020243227;178.3280412;0.01764976;1;70
1-M596;2;73;28.98405659;2;99;127.4;0.79;3;3;5.344358834;0.017876495;170.9832808;0.020373212;1;70
1-M597;2;73;28.96783935;2;99;127.4;0.79;3;3;5.235664563;0.024595324;152.9457138;0.011611119;1;70
1-M598;2;73;26.11789044;2;99;127.4;0.79;3;3;4.713155503;0.015620733;146.1068952;0.009083092;1;70
1-M599;2;73;35.77710812;2;99;127.4;0.79;3;3;4.162032118;0.021545349;148.9779866;0.016737722;1;70
1-M600;2;73;30.47622547;2;99;127.4;0.79;3;3;5.286329755;0.030337736;136.1852952;0.022963991;1;70
1-M601;2;73;30.34796122;2;99;127.4;0.79;3;3;5.248199375;0.017107527;168.7016461;0.017230937;1;70
1-M602;2;73;27.89478872;2;99;127.4;0.79;3;3;6.014076433;0.024490358;151.8757581;0.012919038;1;70
1-M603;2;73;32.06109819;2;99;127.4;0.79;3;3;5.189562911;0.014950734;164.6516983;0.083506411;1;70
1-M604;2;73;30.45840773;2;99;127.4;0.79;3;3;6.439380313;0.004798424;167.7148754;0.019697386;1;70
1-M605;2;73;33.22959019;2;99;127.4;0.79;3;3;3.956275103;0.012417451;158.3659215;0.026911328;1;70
1-M606;2;73;27.38676191;2;99;127.4;0.79;3;3;4.277602567;0.022639505;147.5304222;0.021901321;1;70
1-M607;2;73;33.97881983;2;99;127.4;0.79;3;3;4.914292002;0.011797933;150.1578115;0.013000492;1;70
1-M608;2;73;28.79311254;2;99;127.4;0.79;3;3;4.992778962;0.025842094;102.1134562;0.026021665;1;70
1-M609;2;73;24.9339014;2;99;127.4;0.79;3;3;5.116491543;0.018465606;166.9836752;0.00541725;1;70
1-M610;2;73;27.34965927;2;99;127.4;0.79;3;3;3.862954573;0.031249268;123.4412487;0.005467544;1;70
1-M611;2;73;26.79508054;2;99;127.4;0.79;3;3;4.416108315;0.020763345;144.0285044;0.020329674;1;70
1-M612;2;73;32.12773622;2;99;127.4;0.79;3;3;6.416987151;0.028453797;138.0761079;0.017667047;1;70
1-M613;2;73;31.7799562;2;99;127.4;0.79;3;3;5.121350282;0.020099396;164.3147172;0.009126306;1;70
1-M614;2;73;26.69369038;2;99;127.4;0.79;3;3;6.06596822;0.015575344;145.1647643;0.017656716;1;70
1-M615;2;73;30.69545156;2;99;127.4;0.79;3;3;4.978278109;0.021915237;139.4803454;0.020241915;1;70
1-M616;2;73;30.19994124;2;99;127.4;0.79;3;3;4.171058129;0.017028997;156.4411247;0.022078251;1;70
1-M617;2;73;26.42569372;2;99;127.4;0.79;3;3;5.701252271;0.019209823;162.9540576;0.033322162;1;70
1-M618;2;73;34.05684721;2;99;127.4;0.79;3;3;6.031158121;0.017727058;156.2453626;0.009317131;1;70
1-M619;2;73;26.15918743;2;99;127.4;0.79;3;3;5.706787092;0.025255596;130.1863986;0.02634965;1;70
1-M620;2;73;30.56366764;2;99;127.4;0.79;3;3;6.008215211;0.013928159;147.5011231;0.014010666;1;70
1-M621;2;73;32.36406324;2;99;127.4;0.79;3;3;6.244731275;0.014197969;169.2353654;0.018922145;1;70
1-M622;2;73;28.52781946;2;99;127.4;0.79;3;3;5.152334579;0.015313287;145.3659773;0.021443187;1;70
1-M623;2;73;35.80867084;2;99;127.4;0.79;3;3;4.245751718;0.015674692;135.1988995;0.01119582;1;70
1-M624;2;73;36.22096855;2;99;127.4;0.79;3;3;4.985415119;0.018590211;161.8744686;0.022966614;1;70
1-M625;2;73;29.35711452;2;99;127.4;0.79;3;3;4.561475819;0.015079044;167.3766908;0.036754066;1;70
1-M626;2;73;25.55367737;2;99;127.4;0.79;3;3;4.276927931;0.011638792;150.7049361;0.028766317;1;70
1-M627;2;73;28.70518988;2;99;127.4;0.79;3;3;3.869028338;0.014743462;154.3801169;0.025083207;1;70
1-M628;2;73;27.1570755;2;99;127.4;0.79;3;3;5.383621164;0.018517926;141.7835478;0.028118605;1;70
1-M629;2;73;33.69865022;2;99;127.4;0.79;3;3;4.4180271;0.018948821;166.5074353;0.017594596;1;70
1-M630;2;73;28.59395687;2;99;127.4;0.79;3;3;4.71848195;0.012214176;148.3897473;0.019510488;1;70
1-M631;2;73;31.12415141;2;99;127.4;0.79;3;3;4.566588517;0.015317863;148.672201;0.021406225;1;70
1-M632;2;73;28.27329291;2;99;127.4;0.79;3;3;6.259608644;0.019907131;155.9784815;0.027890754;1;70
1-M633;2;73;28.53553457;2;99;127.4;0.79;3;3;4.94191454;0.019097811;158.6867942;0.040768292;1;70
1-M634;2;73;25.44678015;2;99;127.4;0.79;3;3;4.957998388;0.021470404;91.4443367;0.06388817;1;70
1-M635;2;73;30.84556389;2;99;127.4;0.79;3;3;4.590221932;0.010583979;168.9844813;0.031774769;1;70
1-M636;2;73;29.96479998;2;99;127.4;0.79;3;3;5.020460683;0.014936699;167.2685955;0.011864305;1;70
1-M637;2;73;27.88327687;2;99;127.4;0.79;3;3;4.712730759;0.02641971;144.2658012;0.015019781;1;70
1-M638;2;73;27.10351685;2;99;127.4;0.79;3;3;5.646673901;0.022167364;151.0674339;0.015573603;1;70
1-M639;2;73;27.6398205;2;99;127.4;0.79;3;3;5.347596923;0.015958344;163.565588;0.022395441;1;70
1-M640;2;73;31.51969812;2;99;127.4;0.79;3;3;4.651465911;0.023051958;137.0195248;0.011765247;1;70
1-M641;2;73;25.81104155;2;99;127.4;0.79;3;3;4.176609178;0.020305493;147.1602944;0.00948802;1;70
1-M642;2;73;28.01629294;2;99;127.4;0.79;3;3;5.642906837;0.024858256;168.5610704;0.024923973;1;70
1-M643;2;73;31.31790774;2;99;127.4;0.79;3;3;5.335259471;0.019160819;156.2078501;0.005583856;1;70
1-M644;2;73;37.78631804;2;99;127.4;0.79;3;3;4.478950166;0.011684293;166.9232434;0.031922196;1;70
1-M645;2;73;24.23105914;2;99;127.4;0.79;3;3;3.978053276;0.019539893;162.4629807;0.01592725;1;70
1-M646;2;73;31.00894121;2;99;127.4;0.79;3;3;4.49004905;0.014513169;126.8728674;0.07099093;1;70
1-M647;2;73;23.7383242;2;99;127.4;0.79;3;3;4.528777283;0.021439687;130.0249396;0.028569735;1;70
1-M648;2;73;25.90749995;2;99;127.4;0.79;3;3;4.169538913;0.01784077;112.7640417;0.032143098;1;70
1-M649;2;73;29.60407324;2;99;127.4;0.79;3;3;4.020879884;0.013206746;157.0116788;0.015378764;1;70
1-M650;2;73;25.32852835;2;99;127.4;0.79;3;3;5.906224065;0.016456188;132.8642326;0.018790908;1;70
1-M651;2;73;34.9544467;2;99;127.4;0.79;3;3;4.45542629;0.021037664;158.8451717;0.017975584;1;70
1-M652;2;73;35.10994038;2;99;127.4;0.79;3;3;5.555966837;0.019352176;157.0512635;0.023440598;1;70
1-M653;2;73;31.16155051;2;99;127.4;0.79;3;3;4.585929707;0.023700869;170.1963031;0.018485638;1;70
1-M654;2;73;27.59677738;2;99;127.4;0.79;3;3;5.126056649;0.023713907;139.9216037;0.01101227;1;70
1-M655;2;73;32.00762097;2;99;127.4;0.79;3;3;5.106106015;0.020292005;125.6163103;0.014750208;1;70
1-M656;2;73;26.10004561;2;99;127.4;0.79;3;3;5.369837827;0.025305865;135.2930888;0.01134046;1;70
1-M657;2;73;32.22918393;2;99;127.4;0.79;3;3;5.178031438;0.013662241;155.416465;0.022781239;1;70
1-M658;2;73;31.44228905;2;99;127.4;0.79;3;3;4.870917072;0.014988475;151.1672292;0.029940836;1;70
1-M659;2;73;27.23974139;2;99;127.4;0.79;3;3;3.865538626;0.017839307;144.5402293;0.027480021;1;70
1-M660;2;73;33.92298403;2;99;127.4;0.79;3;3;3.395517782;0.00996437;143.4048369;0.012274161;1;70
1-M661;2;73;26.8404633;2;99;127.4;0.79;3;3;4.738184047;0.01460382;156.6090165;0.010272202;1;70
1-M662;2;73;33.18011204;2;99;127.4;0.79;3;3;5.240907171;0.022312808;143.3740924;0.014190895;1;70
1-M663;2;73;27.9936946;2;99;127.4;0.79;3;3;3.622706378;0.022264054;165.9782591;0.023143356;1;70
1-M664;2;73;27.21862532;2;99;127.4;0.79;3;3;5.207557135;0.01753932;148.1510058;0.018683972;1;70
1-M665;2;73;28.01697638;2;99;127.4;0.79;3;3;5.153865605;0.022732418;126.469483;0.003969285;1;70
1-M666;2;73;33.20075099;2;99;127.4;0.79;3;3;5.564441851;0.020107841;139.7732951;0.004947192;1;70
1-M667;2;73;28.76707024;2;99;127.4;0.79;3;3;5.558468029;0.017626543;166.632291;0.01034291;1;70
1-M668;2;73;27.587201;2;99;127.4;0.79;3;3;5.210813739;0.019574284;144.1369783;0.022666015;1;70
1-M669;2;73;30.93888682;2;99;127.4;0.79;3;3;4.58567612;0.024723745;169.0629147;0.022793931;1;70
1-M670;2;73;32.94033553;2;99;127.4;0.79;3;3;5.108761014;0.006741943;173.8121786;0.019067823;1;70
1-M671;2;73;34.72035081;2;99;127.4;0.79;3;3;4.656125593;0.011381148;155.3206016;0.024108009;1;70
1-M672;2;73;27.61445274;2;99;127.4;0.79;3;3;5.338780118;0.020765224;133.3383388;0.011736125;1;70
1-M673;2;73;29.73832922;2;99;127.4;0.79;3;3;3.282293536;0.012293992;163.0252248;0.012284496;1;70
1-M674;2;73;28.71503479;2;99;127.4;0.79;3;3;5.106141726;0.022144718;156.156074;0.020434365;1;70
1-M675;2;73;29.08663823;2;99;127.4;0.79;3;3;5.365231314;0.018304178;158.0613198;0.016478284;1;70
1-M676;2;73;29.09922131;2;99;127.4;0.79;3;3;5.187117285;0.019285826;125.1875225;0.049201183;1;70
1-M677;2;73;36.22054104;2;99;127.4;0.79;3;3;5.257075949;0.021611518;146.7350775;0.029520333;1;70
1-M678;2;73;27.13710236;2;99;127.4;0.79;3;3;4.613443976;0.019176011;151.6832968;0.017923446;1;70
1-M679;2;73;32.51262907;2;99;127.4;0.79;3;3;3.034043096;0.018602644;145.0674737;0.025365607;1;70
1-M680;2;73;29.69296598;2;99;127.4;0.79;3;3;5.085513535;0.021743853;152.7795937;0.008481062;1;70
1-M681;2;73;29.5439258;2;99;127.4;0.79;3;3;5.505317982;0.015024441;148.9356807;0.022374544;1;70
1-M682;2;73;35.80237681;2;99;127.4;0.79;3;3;5.183251841;0.017140144;172.6603146;0.019029657;1;70
1-M683;2;73;33.28159176;2;99;127.4;0.79;3;3;6.07641317;0.02150968;147.0353445;0.0043297;1;70
1-M684;2;73;33.59349194;2;99;127.4;0.79;3;3;4.64046008;0.019405411;145.0346455;0.016579392;1;70
1-M685;2;73;26.13409254;2;99;127.4;0.79;3;3;9.004249524;0.028540518;148.1297834;0.01391866;1;70
1-M686;2;73;28.95444884;2;99;127.4;0.79;3;3;7.6213213;0.024143882;123.6481399;0.001754909;1;70
1-M687;2;73;26.67287926;2;99;127.4;0.79;3;3;4.900793285;0.015447287;166.3276047;0.016179775;1;70
1-M688;2;73;33.01000163;2;99;127.4;0.79;3;3;5.348414356;0.020679246;164.3873789;0.015195337;1;70
1-M689;2;73;32.63755025;2;99;127.4;0.79;3;3;5.233847521;0.021310007;156.308323;0.024778312;1;70
1-M690;2;73;31.6223337;2;99;127.4;0.79;3;3;3.943988218;0.017891496;165.4757589;0.008026356;1;70
1-M691;2;73;29.56426919;2;99;127.4;0.79;3;3;4.453588271;0.01058416;147.8779995;0.019982236;1;70
1-M692;2;73;29.20840789;2;99;127.4;0.79;3;3;4.780344676;0.023174721;147.0054694;0.023446052;1;70
1-M693;2;73;29.67951931;2;99;127.4;0.79;3;3;4.68356087;0.021708281;137.4551539;0.01138958;1;70
1-M694;2;73;34.5935959;2;99;127.4;0.79;3;3;7.906213301;0.022345837;153.9241302;0.009154216;1;70
1-M695;2;73;26.83388977;2;99;127.4;0.79;3;3;6.473891775;0.02512842;141.0222654;0.021944855;1;70
1-M696;2;73;33.25419598;2;99;127.4;0.79;3;3;5.286000026;0.022785911;137.871869;0.042690306;1;70
1-M697;2;73;32.8266433;2;99;127.4;0.79;3;3;4.389406341;0.030330941;137.346462;0.023872069;1;70
1-M698;2;73;27.40999228;2;99;127.4;0.79;3;3;4.989738091;0.022569981;143.6638951;0.052228674;1;70
1-M699;2;73;30.16446199;2;99;127.4;0.79;3;3;5.954117022;0.023567362;153.0624341;0.011729996;1;70
1-M700;2;73;22.79705838;2;99;127.4;0.79;3;3;4.912745131;0.020240269;160.2872491;0.014276028;1;70
1-M701;2;73;32.01286469;2;99;127.4;0.79;3;3;5.320300715;0.024033032;174.1678329;0.020511483;1;70
1-M702;2;73;35.03564206;2;99;127.4;0.79;3;3;4.749269589;0.019855754;174.0816373;0.018720341;1;70
1-M703;2;73;33.94575244;2;99;127.4;0.79;3;3;4.960469429;0.017509383;144.1017942;0.030699306;1;70
1-M704;2;73;29.17328276;2;99;127.4;0.79;3;3;3.845743627;0.015271627;155.501291;0.020875126;1;70
1-M705;2;73;25.2213451;2;99;127.4;0.79;3;3;5.633079515;0.030736175;144.7618405;0.018540774;1;70
1-M706;2;73;34.53203492;2;99;127.4;0.79;3;3;4.285630713;0.01614529;157.850212;0.004271534;1;70
1-M707;2;73;26.75595775;2;99;127.4;0.79;3;3;6.096223119;0.026612919;133.4313006;0.00928543;1;70
1-M708;2;73;29.52118546;2;99;127.4;0.79;3;3;4.342370448;0.017687567;145.3620032;0.019305229;1;70
1-M709;2;73;27.90963239;2;99;127.4;0.79;3;3;4.352283862;0.020411071;148.0059547;0.027902451;1;70
1-M710;2;73;37.95901521;2;99;127.4;0.79;3;3;6.140380414;0.023952071;147.0390083;0.021053411;1;70
1-M711;2;73;28.26012283;2;99;127.4;0.79;3;3;4.730205349;0.020644772;146.6376605;0.06580832;1;70
1-M712;2;73;31.30586267;2;99;127.4;0.79;3;3;5.101516306;0.022838425;156.4359305;0.014243979;1;70
1-M713;2;73;24.75299324;2;99;127.4;0.79;3;3;4.718433202;0.020379004;123.7222611;0.024761384;1;70
1-M714;2;73;34.25917176;2;99;127.4;0.79;3;3;4.90491459;0.017301099;156.2838145;0.020435678;1;70
1-M715;2;73;30.54783674;2;99;127.4;0.79;3;3;3.614860109;0.014431616;172.7374059;0.013778633;1;70
1-M716;2;73;29.89462064;2;99;127.4;0.79;3;3;3.268691388;0.010825739;161.3675056;0.009458964;1;70
1-M717;2;73;28.30332977;2;99;127.4;0.79;3;3;5.282328688;0.013811036;145.0478555;0.022910124;1;70
1-M718;2;73;27.8026564;2;99;127.4;0.79;3;3;3.649981373;0.017579182;166.9787949;0.014713144;1;70
1-M719;2;73;27.71615863;2;99;127.4;0.79;3;3;4.709501295;0.023994779;143.5669232;0.024037134;1;70
1-M720;2;73;27.45202143;2;99;127.4;0.79;3;3;5.107388985;0.015445049;168.2125683;0.022230364;1;70
1-M721;2;73;25.04489878;2;99;127.4;0.79;3;3;5.006838085;0.020099605;132.3114189;0.010018349;1;70
1-M722;2;73;29.57654532;2;99;127.4;0.79;3;3;5.001428419;0.021568555;144.4876936;0.022274089;1;70
1-M723;2;73;26.23707523;2;99;127.4;0.79;3;3;3.661648534;0.010882142;168.9174555;0.052758288;1;70
1-M724;2;73;24.32076664;2;99;127.4;0.79;3;3;4.419140169;0.026481126;122.6418809;0.018726294;1;70
1-M725;2;73;34.24895502;2;99;127.4;0.79;3;3;6.017945017;0.020885113;156.1884292;0.005523806;1;70
1-M726;2;73;31.40056406;2;99;127.4;0.79;3;3;4.675724938;0.022890361;117.4963546;0.018171621;1;70
1-M727;2;73;25.26156977;2;99;127.4;0.79;3;3;8.311665192;0.025793062;158.6497535;0.00768306;1;70
1-M728;2;73;32.18270583;2;99;127.4;0.79;3;3;6.244271746;0.025524744;172.7238798;0.018725678;1;70
1-M729;2;73;26.80297909;2;99;127.4;0.79;3;3;6.238381754;0.024717988;142.1162829;0.018127225;1;70
1-M730;2;73;31.0935751;2;99;127.4;0.79;3;3;5.157099868;0.023998694;96.33942589;0.018167477;1;70
1-M731;2;73;22.72724522;2;99;127.4;0.79;3;3;5.867379398;0.026987123;147.1015564;0.015202297;1;70
1-M732;2;73;33.32891782;2;99;127.4;0.79;3;3;4.58406516;0.021244221;152.6070363;0.015535437;1;70
1-M733;2;73;31.99371083;2;99;127.4;0.79;3;3;4.14693468;0.01100031;146.1479655;0.014982011;1;70
1-M734;2;73;22.74944213;2;99;127.4;0.79;3;3;5.110769768;0.028114423;133.2842942;0.019472952;1;70
1-M735;2;73;29.20945279;2;99;127.4;0.79;3;3;4.958256096;0.018952812;154.6659779;0.006555021;1;70
1-M736;2;73;30.32243003;2;99;127.4;0.79;3;3;4.814601859;0.019017253;154.2939086;0.008080053;1;70
1-M737;2;73;26.65674997;2;99;127.4;0.79;3;3;4.303406712;0.017188969;140.8535551;0.020984937;1;70
1-M738;2;73;33.13131953;2;99;127.4;0.79;3;3;4.710965006;0.013552273;148.1321104;0.018546196;1;70
1-M739;2;73;33.82491202;2;99;127.4;0.79;3;3;4.807660911;0.016449196;144.2870627;0.021894865;1;70
1-M740;2;73;32.90275245;2;99;127.4;0.79;3;3;4.955616448;0.015436667;170.0880549;0.0050319;1;70
1-M741;2;73;26.97516286;2;99;127.4;0.79;3;3;5.348086168;0.01855316;158.3636466;0.014452601;1;70
1-M742;2;73;26.86529199;2;99;127.4;0.79;3;3;6.223500596;0.026028063;141.3406094;0.014345764;1;70
1-M743;2;73;26.48812091;2;99;127.4;0.79;3;3;6.336995541;0.023081519;145.5398095;0.025965573;1;70
1-M744;2;73;32.16978064;2;99;127.4;0.79;3;3;4.51053044;0.015253197;146.9188106;0.010645363;1;70
1-M745;2;73;31.31634548;2;99;127.4;0.79;3;3;5.048139471;0.019945566;144.0617473;0.009916267;1;70
1-M746;2;73;23.97150267;2;99;127.4;0.79;3;3;4.964987171;0.016633066;146.2173217;0.018797521;1;70
1-M747;2;73;21.51449441;2;99;127.4;0.79;3;3;3.804128559;0.021935746;147.1569131;0.020369186;1;70
1-M748;2;73;32.11273823;2;99;127.4;0.79;3;3;5.032361611;0.014757402;152.5872567;0.013109746;1;70
1-M749;2;73;28.19420589;2;99;127.4;0.79;3;3;5.424323737;0.024909395;155.6731865;0.009532638;1;70
1-M750;2;73;31.25792297;2;99;127.4;0.79;3;3;6.092973275;0.023547955;149.0929377;0.004787192;1;70
1-M751;2;73;29.5669939;2;99;127.4;0.79;3;3;4.887275845;0.021076594;146.3378949;0.006268179;1;70
1-M752;2;73;29.94277377;2;99;127.4;0.79;3;3;4.789530553;0.018438986;147.5780157;0.013705706;1;70
1-M753;2;73;33.73061429;2;99;127.4;0.79;3;3;5.570010222;0.021903516;165.6686992;0.026587665;1;70
1-M754;2;73;30.51795212;2;99;127.4;0.79;3;3;7.88240841;0.023233173;157.5423985;0.00881116;1;70
1-M755;2;73;31.35076951;2;99;127.4;0.79;3;3;3.022895888;0.018248104;164.2010783;0.005286193;1;70
1-M756;2;73;38.68467868;2;99;127.4;0.79;3;3;5.100098849;0.016083713;135.3639334;0.01680719;1;70
1-M757;2;73;26.3132286;2;99;127.4;0.79;3;3;4.168917924;0.011775342;162.8530087;0.029582911;1;70
1-M758;2;73;32.8155068;2;99;127.4;0.79;3;3;4.408440006;0.018244003;143.8761669;0.010859812;1;70
1-M759;2;73;28.59692585;2;99;127.4;0.79;3;3;5.915455573;0.021999814;147.2231512;0.006435127;1;70
1-M760;2;73;30.77327659;2;99;127.4;0.79;3;3;5.160705712;0.024354375;146.0229876;0.026054046;1;70
1-M761;2;73;29.78172637;2;99;127.4;0.79;3;3;4.103845193;0.018528153;137.4386093;0.017115143;1;70
1-M762;2;73;29.17218879;2;99;127.4;0.79;3;3;6.009550934;0.021174088;153.3185042;0.025251983;1;70
1-M763;2;73;27.09848633;2;99;127.4;0.79;3;3;3.405656084;0.017277254;154.0346726;0.001096341;1;70
1-M764;2;73;28.89673047;2;99;127.4;0.79;3;3;3.830476753;0.0085363;145.0260362;0.026135081;1;70
1-M765;2;73;28.67363745;2;99;127.4;0.79;3;3;5.622928901;0.021706901;143.926519;0.037038421;1;70
1-M766;2;73;34.24127607;2;99;127.4;0.79;3;3;5.887644741;0.014252799;194.1987226;0.029481128;1;70
1-M767;2;73;26.09710892;2;99;127.4;0.79;3;3;4.324474927;0.013572681;169.8268653;0.004616054;1;70
1-M768;2;73;33.21266038;2;99;127.4;0.79;3;3;5.976050059;0.022922517;137.3123774;0.020773514;1;70
1-M769;2;73;30.58607785;2;99;127.4;0.79;3;3;4.090668672;0.015173125;157.2038806;0.005646782;1;70
1-M770;2;73;26.75694105;2;99;127.4;0.79;3;3;5.314536863;0.024444031;137.3648195;0.023725952;1;70
1-M771;2;73;31.75510202;2;99;127.4;0.79;3;3;5.213616288;0.021952803;148.6914325;0.023266142;1;70
1-M772;2;73;23.45012307;2;99;127.4;0.79;3;3;5.351739521;0.021298314;130.7489976;0.025403408;1;70
1-M773;2;73;31.20674063;2;99;127.4;0.79;3;3;5.137400464;0.019717696;143.048452;0.023844686;1;70
1-M774;2;73;31.36043875;2;99;127.4;0.79;3;3;4.285586376;0.019229813;144.9149119;0.022433113;1;70
1-M775;2;73;34.25176521;2;99;127.4;0.79;3;3;5.369384597;0.015354492;172.4567849;0.045087832;1;70
1-M776;2;73;30.15917101;2;99;127.4;0.79;3;3;5.685421931;0.021741371;143.9003186;0.023028244;1;70
1-M777;2;73;27.91310723;2;99;127.4;0.79;3;3;5.342869723;0.014267917;149.8767168;0.019610437;1;70
1-M778;2;73;31.72000326;2;99;127.4;0.79;3;3;6.018423109;0.022656147;149.5653129;0.033642402;1;70
1-M779;2;73;27.98300937;2;99;127.4;0.79;3;3;2.56592851;0.016950788;139.0997589;0.024863229;1;70
1-M780;2;73;30.50501438;2;99;127.4;0.79;3;3;6.459998628;0.01978131;149.1298427;0.000396169;1;70
1-M781;2;73;36.73390583;2;99;127.4;0.79;3;3;5.37969084;0.022964443;185.2084388;0.016940879;1;70
1-M782;2;73;23.69675526;2;99;127.4;0.79;3;3;5.110948495;0.029971032;92.71779047;0.020678744;1;70
1-M783;2;73;31.26545897;2;99;127.4;0.79;3;3;4.367052858;0.026993128;147.809766;0.016221364;1;70
1-M784;2;73;34.14217267;2;99;127.4;0.79;3;3;3.858653003;0.010570698;174.2289115;0.026285411;1;70
1-M785;2;73;27.9760131;2;99;127.4;0.79;3;3;6.003157272;0.02089702;156.5066426;0.018557608;1;70
1-M786;2;73;28.97756478;2;99;127.4;0.79;3;3;5.528942574;0.026143731;130.3062951;0.031579062;1;70
1-M787;2;73;32.17056462;2;99;127.4;0.79;3;3;5.950363931;0.025877794;156.333313;0.01279706;1;70
1-M788;2;73;34.01727575;2;99;127.4;0.79;3;3;4.595259583;0.013530496;170.5397169;0.033060323;1;70
1-M789;2;73;29.1316126;2;99;127.4;0.79;3;3;5.220559694;0.017613364;158.4505101;0.027931279;1;70
1-M790;2;73;29.18581264;2;99;127.4;0.79;3;3;3.682969523;0.019073861;146.9748443;0.017297379;1;70
1-M791;2;73;29.52041453;2;99;127.4;0.79;3;3;4.007635309;0.023680834;143.0617171;0.02700129;1;70
1-M792;2;73;29.06792439;2;99;127.4;0.79;3;3;6.2679673;0.028424123;130.5153685;0.014473498;1;70
1-M793;2;73;26.88796426;2;99;127.4;0.79;3;3;3.91277651;0.016561926;162.7934596;0.024351797;1;70
1-M794;2;73;35.09871847;2;99;127.4;0.79;3;3;3.647300923;0.016698034;168.076218;0.017772973;1;70
1-M795;2;73;29.75142363;2;99;127.4;0.79;3;3;4.205216433;0.012379707;180.7236065;0.034191617;1;70
1-M796;2;73;25.39254237;2;99;127.4;0.79;3;3;5.310638335;0.018683262;140.9520268;0.013550982;1;70
1-M797;2;73;28.2582208;2;99;127.4;0.79;3;3;5.111996207;0.018379573;170.8288728;0.022064124;1;70
1-M798;2;73;30.36945061;2;99;127.4;0.79;3;3;5.282697137;0.022577595;126.8652462;0.021930882;1;70
1-M799;2;73;32.17204081;2;99;127.4;0.79;3;3;5.245809874;0.019958216;160.3087814;0.018604151;1;70
1-M800;2;73;29.45735773;2;99;127.4;0.79;3;3;4.03344567;0.019422191;159.0458332;0.00688023;1;70
1-M801;2;73;30.66522558;2;99;127.4;0.79;3;3;4.464501524;0.01826414;152.1648269;0.018059393;1;70
1-M802;2;73;31.68384497;2;99;127.4;0.79;3;3;8.040862952;0.025182193;146.9403291;0.028806657;1;70
1-M803;2;73;39.81555381;2;99;127.4;0.79;3;3;5.166112493;0.017595249;142.5107987;0.005228686;1;70
1-M804;2;73;34.24032345;2;99;127.4;0.79;3;3;5.826802133;0.013787663;183.4603057;0.009290929;1;70
1-M805;2;73;32.57581448;2;99;127.4;0.79;3;3;5.645801636;0.020549452;158.4829794;0.023263907;1;70
1-M806;2;73;32.74596413;2;99;127.4;0.79;3;3;4.23421631;0.019903345;147.7472306;0.031838285;1;70
1-M807;2;73;31.53010567;2;99;127.4;0.79;3;3;4.203149841;0.019982986;154.5628816;0.017997747;1;70
1-M808;2;73;29.42540421;2;99;127.4;0.79;3;3;4.389192538;0.024035411;131.0989176;0.01972536;1;70
1-M809;2;73;27.10904756;2;99;127.4;0.79;3;3;5.722877556;0.020217265;173.6140902;0.013033458;1;70
1-M810;2;73;33.00477198;2;99;127.4;0.79;3;3;4.866662785;0.003771679;165.3765826;0.012522504;1;70
1-M811;2;73;26.83573117;2;99;127.4;0.79;3;3;5.816117235;0.022357874;139.4279635;0.016609265;1;70
1-M812;2;73;31.61721743;2;99;127.4;0.79;3;3;6.545190684;0.014956524;173.1543754;0.010016813;1;70
1-M813;2;73;31.53734119;2;99;127.4;0.79;3;3;4.02016787;0.014973167;176.2082345;0.016393014;1;70
1-M814;2;73;28.77963274;2;99;127.4;0.79;3;3;4.267968224;0.019710296;134.0257058;0.027290016;1;70
1-M815;2;73;30.44496117;2;99;127.4;0.79;3;3;3.885335479;0.01296781;153.4993798;0.019316731;1;70
1-M816;2;73;29.92371743;2;99;127.4;0.79;3;3;4.876999238;0.015020133;161.8140718;0.014321601;1;70
1-M817;2;73;27.44352866;2;99;127.4;0.79;3;3;4.920273001;0.019485101;138.0417362;0.014405132;1;70
1-M818;2;73;30.19258115;2;99;127.4;0.79;3;3;4.358730223;0.015745443;148.2847336;0.019367031;1;70
1-M819;2;73;34.5685861;2;99;127.4;0.79;3;3;3.157068044;0.012833427;156.0238781;0.026652334;1;70
1-M820;2;73;27.4210828;2;99;127.4;0.79;3;3;5.253095248;0.017828344;145.3428256;0.021530304;1;70
1-M821;2;73;27.16640994;2;99;127.4;0.79;3;3;5.998826902;0.021515668;110.1166451;0.017324275;1;70
1-M822;2;73;37.34664785;2;99;127.4;0.79;3;3;4.514933225;0.013877467;168.3431938;0.019773085;1;70
1-M823;2;73;27.46107796;2;99;127.4;0.79;3;3;4.826859548;0.021516754;126.5248179;0.023514073;1;70
1-M824;2;73;29.33780623;2;99;127.4;0.79;3;3;5.771821617;0.023743082;172.325226;0.015476138;1;70
1-M825;2;73;28.83327967;2;99;127.4;0.79;3;3;7.529748326;0.025521564;146.7873629;0.004307173;1;70
1-M826;2;73;24.76892005;2;99;127.4;0.79;3;3;4.937080004;0.017203407;149.5888392;0.018693078;1;70
1-M827;2;73;29.06736475;2;99;127.4;0.79;3;3;4.515456596;0.022036653;113.2961902;0.015293209;1;70
1-M828;2;73;36.51464402;2;99;127.4;0.79;3;3;4.38614077;0.007198187;151.822751;0.009000024;1;70
1-M829;2;73;29.67186964;2;99;127.4;0.79;3;3;5.309911749;0.026065683;171.3698227;0.034180106;1;70
1-M830;2;73;28.7652175;2;99;127.4;0.79;3;3;5.305560955;0.024126366;144.1864638;0.033268219;1;70
1-M831;2;73;31.30877548;2;99;127.4;0.79;3;3;4.984131362;0.025896461;149.1729872;0.01556022;1;70
1-M832;2;73;26.32355464;2;99;127.4;0.79;3;3;4.719263297;0.017410357;145.0416483;0.01964999;1;70
1-M833;2;73;28.29470226;2;99;127.4;0.79;3;3;5.167307976;0.023598114;142.2774979;0.0189735;1;70
1-M834;2;73;26.09003137;2;99;127.4;0.79;3;3;4.670953741;0.022745454;150.8426054;0.015281422;1;70
1-M835;2;73;35.86268914;2;99;127.4;0.79;3;3;4.698206786;0.021472303;151.4193618;0.019986302;1;70
1-M836;2;73;32.11626683;2;99;127.4;0.79;3;3;4.492469394;0.014307121;165.4524479;0.028402108;1;70
1-M837;2;73;29.15288911;2;99;127.4;0.79;3;3;2.968138414;0.018782748;130.4496365;0.025509075;1;70
1-M838;2;73;30.40209029;2;99;127.4;0.79;3;3;4.664081305;0.016030242;142.9923275;0.018848117;1;70
1-M839;2;73;21.72744866;2;99;127.4;0.79;3;3;5.699232033;0.017984136;130.9097069;0.00654422;1;70
1-M840;2;73;34.56654937;2;99;127.4;0.79;3;3;4.47120588;0.014759204;148.4695188;0.017008035;1;70
1-M841;2;73;24.07070466;2;99;127.4;0.79;3;3;4.463832717;0.017479875;147.0568016;0.019836816;1;70
1-M842;2;73;24.28389717;2;99;127.4;0.79;3;3;4.987736024;0.01996229;136.6241983;0.025278941;1;70
1-M843;2;73;26.43301576;2;99;127.4;0.79;3;3;4.425941379;0.030118706;152.2219153;0.010283624;1;70
1-M844;2;73;35.04279084;2;99;127.4;0.79;3;3;4.057600617;0.016220089;138.8360476;0.017537695;1;70
1-M845;2;73;27.80618626;2;99;127.4;0.79;3;3;4.868865632;0.010818355;163.3146828;0.011227681;1;70
1-M846;2;73;29.85157532;2;99;127.4;0.79;3;3;5.008487644;0.013356952;135.5115761;0.01372826;1;70
1-M847;2;73;29.56501603;2;99;127.4;0.79;3;3;4.35571986;0.015309989;158.6758919;0.025940466;1;70
1-M848;2;73;26.60518286;2;99;127.4;0.79;3;3;4.914658006;0.023277682;124.1582446;0.016216102;1;70
1-M849;2;73;32.29710911;2;99;127.4;0.79;3;3;4.287442448;0.019407856;143.7347711;0.017226866;1;70
1-M850;2;73;28.06507091;2;99;127.4;0.79;3;3;7.883417479;0.024727865;125.8290582;0.018587189;1;70
1-M851;2;73;29.63776415;2;99;127.4;0.79;3;3;5.48330993;0.014079848;157.1446055;0.013969519;1;70
1-M852;2;73;27.96856183;2;99;127.4;0.79;3;3;6.106894104;0.024018751;148.554538;0.008925696;1;70
1-M853;2;73;23.22744056;2;99;127.4;0.79;3;3;4.583730858;0.02061123;147.0646725;0.005635439;1;70
1-M854;2;73;30.15048153;2;99;127.4;0.79;3;3;6.379976031;0.024563334;135.4836021;0.009731935;1;70
1-M855;2;73;28.99278789;2;99;127.4;0.79;3;3;4.464053699;0.014918753;157.9097752;0.020915749;1;70
1-M856;2;73;25.59923434;2;99;127.4;0.79;3;3;6.385217273;0.020405817;147.3021034;0.008065025;1;70
1-M857;2;73;27.97931344;2;99;127.4;0.79;3;3;4.196284546;0.014391564;142.2043027;0.012739001;1;70
1-M858;2;73;33.22953885;2;99;127.4;0.79;3;3;4.632074362;0.019400157;132.2195219;0.017861314;1;70
1-M859;2;73;26.63348157;2;99;127.4;0.79;3;3;3.63744371;0.011806979;166.2037149;0.025389203;1;70
1-M860;2;73;34.38852829;2;99;127.4;0.79;3;3;4.770035002;0.015345073;159.7649136;0.008670317;1;70
1-M861;2;73;26.16408209;2;99;127.4;0.79;3;3;6.215770188;0.015596022;140.6053309;0.017100877;1;70
1-M862;2;73;29.40507332;2;99;127.4;0.79;3;3;4.816765323;0.018636191;137.5931284;0.037140315;1;70
1-M863;2;73;27.54544024;2;99;127.4;0.79;3;3;5.379523485;0.024063357;131.135662;0.017237932;1;70
1-M864;2;73;29.46922868;2;99;127.4;0.79;3;3;5.243615066;0.019616587;177.0415009;0.009448699;1;70
1-M865;2;73;24.71845673;2;99;127.4;0.79;3;3;4.476692434;0.019051914;150.7279895;0.011977783;1;70
1-M866;2;73;27.64919414;2;99;127.4;0.79;3;3;4.310333743;0.013878545;153.4514343;0.019601001;1;70
1-M867;2;73;30.65822156;2;99;127.4;0.79;3;3;8.950735686;0.024823904;140.3212756;0.007149885;1;70
1-M868;2;73;29.75206571;2;99;127.4;0.79;3;3;4.057274544;0.013313055;180.547219;0.018533797;1;70
1-M869;2;73;25.84855243;2;99;127.4;0.79;3;3;7.651724583;0.02729709;151.5321671;0.010002965;1;70
1-M870;2;73;34.08473552;2;99;127.4;0.79;3;3;4.601250149;0.024736886;146.904159;0.007188644;1;70
1-M871;2;73;29.90700863;2;99;127.4;0.79;3;3;6.222200279;0.021182156;144.3143145;0.011479445;1;70
1-M872;2;73;25.78819236;2;99;127.4;0.79;3;3;3.940231357;0.018411697;160.1570836;0.003081785;1;70
1-M873;2;73;26.60336097;2;99;127.4;0.79;3;3;5.485137014;0.025656277;136.8462127;0.023200866;1;70
1-M874;2;73;32.98637621;2;99;127.4;0.79;3;3;5.385731825;0.018038507;153.3627213;0.019667265;1;70
1-M875;2;73;30.76228359;2;99;127.4;0.79;3;3;4.968680137;0.014690255;158.8903412;0.018417277;1;70
1-M876;2;73;30.89919532;2;99;127.4;0.79;3;3;4.450674652;0.016379205;168.1232429;0.012789935;1;70
1-M877;2;73;36.63220835;2;99;127.4;0.79;3;3;4.877878876;0.019589137;156.6806799;0.01778933;1;70
1-M878;2;73;31.2946107;2;99;127.4;0.79;3;3;4.73992425;0.019169995;147.1684657;0.017329878;1;70
1-M879;2;73;35.92825476;2;99;127.4;0.79;3;3;4.948052991;0.019818053;155.1428807;0.019915977;1;70
1-M880;2;73;31.02667041;2;99;127.4;0.79;3;3;5.353284732;0.020216719;154.5172228;0.009213004;1;70
1-M881;2;73;30.68783002;2;99;127.4;0.79;3;3;2.942920846;0.015039719;155.1788662;0.024350091;1;70
1-M882;2;73;31.35675259;2;99;127.4;0.79;3;3;4.516501733;0.024141417;158.8876857;0.017571496;1;70
1-M883;2;73;25.50937805;2;99;127.4;0.79;3;3;5.068885484;0.020956625;117.7594731;0.031066685;1;70
1-M884;2;73;32.59877874;2;99;127.4;0.79;3;3;3.030445958;0.015710772;165.4245378;0.02101984;1;70
1-M885;2;73;35.58978855;2;99;127.4;0.79;3;3;4.496922145;0.015166702;153.4142091;0.013937334;1;70
1-M886;2;73;34.0437706;2;99;127.4;0.79;3;3;4.663319173;0.025218046;143.3755747;0.015178906;1;70
1-M887;2;73;25.92155759;2;99;127.4;0.79;3;3;5.668698962;0.026578074;111.1880105;0.012119073;1;70
1-M888;2;73;28.33894668;2;99;127.4;0.79;3;3;4.708328638;0.022018059;95.8243304;0.015611625;1;70
1-M889;2;73;30.19427664;2;99;127.4;0.79;3;3;5.09665568;0.018742808;146.66432;0.02159967;1;70
1-M890;2;73;34.28570855;2;99;127.4;0.79;3;3;3.570973984;0.017028325;143.9056112;0.031234065;1;70
1-M891;2;73;32.9498491;2;99;127.4;0.79;3;3;4.558757709;0.013875493;112.5044803;0.022677479;1;70
1-M892;2;73;27.98330334;2;99;127.4;0.79;3;3;4.173958391;0.022420135;153.8482552;0.023545418;1;70
1-M893;2;73;30.26106391;2;99;127.4;0.79;3;3;4.530215828;0.02122161;148.8344797;0.004260211;1;70
1-M894;2;73;28.52036263;2;99;127.4;0.79;3;3;6.221953035;0.028810058;143.7384795;0.014561406;1;70
1-M895;2;73;25.43774192;2;99;127.4;0.79;3;3;4.426572948;0.019721393;135.5463181;0.02204847;1;70
1-M896;2;73;31.87499867;2;99;127.4;0.79;3;3;4.648892915;0.022158689;138.4081189;0.004436341;1;70
1-M897;2;73;25.61505936;2;99;127.4;0.79;3;3;8.03724744;0.027021177;136.1973842;0.013611015;1;70
1-M898;2;73;26.66212005;2;99;127.4;0.79;3;3;4.703213954;0.011551259;128.3253812;0.011556514;1;70
1-M899;2;73;26.52193029;2;99;127.4;0.79;3;3;5.774178067;0.019147422;147.8754708;0.013952414;1;70
1-M900;2;73;33.50925413;2;99;127.4;0.79;3;3;3.793793771;0.016462612;165.6645658;0.017397912;1;70
1-M901;2;73;30.37863789;2;99;127.4;0.79;3;3;5.358211401;0.023041141;148.284131;0.022520171;1;70
1-M902;2;73;27.50450693;2;99;127.4;0.79;3;3;4.445412059;0.019159337;140.3319011;0.033418732;1;70
1-M903;2;73;32.46058599;2;99;127.4;0.79;3;3;4.947544944;0.013932366;166.5575295;0.020468131;1;70
1-M904;2;73;30.34507277;2;99;127.4;0.79;3;3;4.099422927;0.022081339;158.879175;0.010279463;1;70
1-M905;2;73;31.41884886;2;99;127.4;0.79;3;3;5.036950922;0.022022394;136.3315436;0.026098772;1;70
1-M906;2;73;28.12256902;2;99;127.4;0.79;3;3;4.78051902;0.021092781;168.4436294;0.019208974;1;70
1-M907;2;73;30.03294956;2;99;127.4;0.79;3;3;5.32060393;0.021951717;145.5534975;0.033985576;1;70
1-M908;2;73;27.42288927;2;99;127.4;0.79;3;3;5.198168564;0.023548762;145.3458968;0.015426211;1;70
1-M909;2;73;35.15589863;2;99;127.4;0.79;3;3;4.732241144;0.026509472;129.8351129;0.01101601;1;70
1-M910;2;73;28.53629683;2;99;127.4;0.79;3;3;5.184141695;0.014234796;163.669789;0.021421536;1;70
1-M911;2;73;31.68533747;2;99;127.4;0.79;3;3;4.864334576;0.016249759;153.4622533;0.018666312;1;70
1-M912;2;73;32.35200922;2;99;127.4;0.79;3;3;4.991887962;0.015850924;147.2189305;0.034333966;1;70
1-M913;2;73;30.45061339;2;99;127.4;0.79;3;3;6.096385149;0.02138099;164.2059339;0.013161909;1;70
1-M914;2;73;33.91171146;2;99;127.4;0.79;3;3;4.693115351;0.023225607;153.3355822;0.018154418;1;70
1-M915;2;73;30.75250696;2;99;127.4;0.79;3;3;4.804253389;0.016565762;151.2871781;0.020995008;1;70
1-M916;2;73;31.05542564;2;99;127.4;0.79;3;3;4.511605635;0.017987446;158.6283394;0.021834689;1;70
1-M917;2;73;31.50499397;2;99;127.4;0.79;3;3;5.21424484;0.021320448;139.8428008;0.01369661;1;70
1-M918;2;73;26.082168;2;99;127.4;0.79;3;3;5.076325651;0.027137979;164.145519;0.00490054;1;70
1-M919;2;73;29.77301815;2;99;127.4;0.79;3;3;6.635010328;0.020198104;141.4204548;0.024240207;1;70
1-M920;2;73;31.5131152;2;99;127.4;0.79;3;3;5.48398333;0.024968967;166.7007756;0.018906726;1;70
1-M921;2;73;30.99913697;2;99;127.4;0.79;3;3;3.611870742;0.014543127;165.7474734;0.009178942;1;70
1-M922;2;73;30.97969269;2;99;127.4;0.79;3;3;4.657264626;0.021134603;144.4634883;0.014926084;1;70
1-M923;2;73;28.47519313;2;99;127.4;0.79;3;3;5.272518864;0.009386845;174.9685468;0.011350572;1;70
1-M924;2;73;34.29007928;2;99;127.4;0.79;3;3;4.593839222;0.010120003;169.2234075;0.02500726;1;70
1-M925;2;73;30.54343912;2;99;127.4;0.79;3;3;4.424061914;0.019140144;148.1807359;0.022492675;1;70
1-M926;2;73;27.76652946;2;99;127.4;0.79;3;3;5.483643277;0.02218151;146.0330155;0.031416991;1;70
1-M927;2;73;21.54594801;2;99;127.4;0.79;3;3;5.502756892;0.023887957;113.0982641;0.047894053;1;70
1-M928;2;73;28.73153781;2;99;127.4;0.79;3;3;6.269369321;0.022755081;158.9738912;0.006643651;1;70
1-M929;2;73;24.21853529;2;99;127.4;0.79;3;3;6.095933256;0.025330803;122.6331265;0.015895791;1;70
1-M930;2;73;30.77307126;2;99;127.4;0.79;3;3;4.868678528;0.017816196;151.4859362;0.011896649;1;70
1-M931;2;73;29.85090987;2;99;127.4;0.79;3;3;5.271776858;0.02314928;158.8588553;0.012232777;1;70
1-M932;2;73;30.77122525;2;99;127.4;0.79;3;3;4.175063768;0.0142368;140.0454149;0.023473348;1;70
1-M933;2;73;31.10652659;2;99;127.4;0.79;3;3;5.40430325;0.023030057;151.3490852;0.013785601;1;70
1-M934;2;73;34.10623757;2;99;127.4;0.79;3;3;3.19386605;0.015455361;166.6632477;0.01544328;1;70
1-M935;2;73;33.88151766;2;99;127.4;0.79;3;3;4.3481468;0.016774793;176.4732287;0.024857005;1;70
1-M936;2;73;28.70822914;2;99;127.4;0.79;3;3;4.088064617;0.018673536;169.6886657;0.023955644;1;70
1-M937;2;73;29.63963977;2;99;127.4;0.79;3;3;4.321976345;0.018069398;143.6702724;0.009582253;1;70
1-M938;2;73;26.03606853;2;99;127.4;0.79;3;3;4.832010829;0.01452097;137.0254347;0.010088743;1;70
1-M939;2;73;31.78554379;2;99;127.4;0.79;3;3;3.625258139;0.013133602;152.030507;0.018387394;1;70
1-M940;2;73;33.37211462;2;99;127.4;0.79;3;3;4.48897915;0.01260538;178.6754258;0.031340036;1;70
1-M941;2;73;28.38603461;2;99;127.4;0.79;3;3;4.751399869;0.013069961;159.7880919;0.016147235;1;70
1-M942;2;73;29.10050371;2;99;127.4;0.79;3;3;5.195771681;0.01830243;175.6483778;0.012063432;1;70
1-M943;2;73;29.85667134;2;99;127.4;0.79;3;3;5.133896772;0.015855588;143.1940231;0.019660575;1;70
1-M944;2;73;27.03974613;2;99;127.4;0.79;3;3;4.725984617;0.015855857;146.9021686;0.004020919;1;70
1-M945;2;73;30.60837187;2;99;127.4;0.79;3;3;3.868580118;0.020453185;149.5554967;0.013714887;1;70
1-M946;2;73;29.5694005;2;99;127.4;0.79;3;3;5.412430267;0.016656816;157.8461872;0.018422908;1;70
1-M947;2;73;33.90654773;2;99;127.4;0.79;3;3;5.01500843;0.020736703;144.0011066;0.013807092;1;70
1-M948;2;73;26.21728779;2;99;127.4;0.79;3;3;5.20663786;0.013984113;124.8268613;0.01846403;1;70
1-M949;2;73;28.09253406;2;99;127.4;0.79;3;3;4.449413315;0.012431824;154.3905585;0.023980283;1;70
1-M950;2;73;25.73118863;2;99;127.4;0.79;3;3;5.558353246;0.023499758;149.8114933;0.021136008;1;70
1-M951;2;73;30.01396619;2;99;127.4;0.79;3;3;5.480447841;0.017415448;147.9245999;0.008802413;1;70
1-M952;2;73;30.68423136;2;99;127.4;0.79;3;3;4.67093858;0.024714083;144.3869655;0.018428236;1;70
1-M953;2;73;24.30499484;2;99;127.4;0.79;3;3;5.461993436;0.023588165;107.2931747;0.018752392;1;70
1-M954;2;73;27.24972685;2;99;127.4;0.79;3;3;6.266291566;0.026992895;156.8201295;0.019568431;1;70
1-M955;2;73;30.05660341;2;99;127.4;0.79;3;3;4.566076983;0.016123551;144.0137709;0.018705909;1;70
1-M956;2;73;24.71635154;2;99;127.4;0.79;3;3;3.688773782;0.01889414;146.7493751;0.018119769;1;70
1-M957;2;73;31.67442241;2;99;127.4;0.79;3;3;7.760142232;0.029499119;140.8881385;0.000414381;1;70
1-M958;2;73;30.00896577;2;99;127.4;0.79;3;3;4.503828377;0.013784427;136.3921779;0.015152952;1;70
1-M959;2;73;27.13434024;2;99;127.4;0.79;3;3;4.877333074;0.025021778;150.337838;0.034212917;1;70
1-M960;2;73;33.53523374;2;99;127.4;0.79;3;3;6.382256166;0.02160948;163.1791313;0.010737449;1;70
1-M961;2;73;39.98655344;2;99;127.4;0.79;3;3;3.330641779;0.013081566;165.9472627;0.007852982;1;70
1-M962;2;73;30.05293573;2;99;127.4;0.79;3;3;4.652290454;0.015957192;142.611486;0.00593941;1;70
1-M963;2;73;32.67494872;2;99;127.4;0.79;3;3;4.420908978;0.009846622;160.5188865;0.016726053;1;70
1-M964;2;73;24.61180781;2;99;127.4;0.79;3;3;5.832873489;0.014745428;167.3838321;0.018888443;1;70
1-M965;2;73;29.77034952;2;99;127.4;0.79;3;3;4.162851684;0.01817271;152.7734385;0.026491211;1;70
1-M966;2;73;28.97645727;2;99;127.4;0.79;3;3;4.481718952;0.018979053;137.5583585;0.0162676;1;70
1-M967;2;73;33.69200535;2;99;127.4;0.79;3;3;4.173963756;0.022045493;144.5358601;0.015639058;1;70
1-M968;2;73;25.99727529;2;99;127.4;0.79;3;3;5.245429179;0.022458727;117.7882848;0.011516734;1;70
1-M969;2;73;30.8700923;2;99;127.4;0.79;3;3;6.752464097;0.010989948;169.5427186;0.011232801;1;70
1-M970;2;73;32.54601211;2;99;127.4;0.79;3;3;4.976688573;0.010877501;178.3774729;0.009071444;1;70
1-M971;2;73;28.21676495;2;99;127.4;0.79;3;3;5.390682361;0.022815911;151.6777238;0.012261196;1;70
1-M972;2;73;31.44701347;2;99;127.4;0.79;3;3;3.66723861;0.009960485;119.6789062;0.013327253;1;70
1-M973;2;73;37.02053736;2;99;127.4;0.79;3;3;4.809902794;0.019121967;148.2113127;0.012401022;1;70
1-M974;2;73;29.58026381;2;99;127.4;0.79;3;3;4.319402999;0.013905314;155.5011634;0.023382886;1;70
1-M975;2;73;30.54197894;2;99;127.4;0.79;3;3;4.12424969;0.016241203;164.4746497;0.018539928;1;70
1-M976;2;73;26.25901346;2;99;127.4;0.79;3;3;5.121041918;0.021160288;138.360629;0.016679115;1;70
1-M977;2;73;28.17850316;2;99;127.4;0.79;3;3;4.440623398;0.0167032;160.5297766;0.005268011;1;70
1-M978;2;73;27.71926477;2;99;127.4;0.79;3;3;6.823179111;0.025175055;152.0015835;0.019247538;1;70
1-M979;2;73;29.24437116;2;99;127.4;0.79;3;3;5.502053435;0.018051314;180.0523617;0.020439674;1;70
1-M980;2;73;29.51060619;2;99;127.4;0.79;3;3;4.719490384;0.017528733;154.115392;0.015033606;1;70
1-M981;2;73;28.24642238;2;99;127.4;0.79;3;3;4.855309434;0.015265834;166.1017403;0.0167687;1;70
1-M982;2;73;26.9460929;2;99;127.4;0.79;3;3;4.773650483;0.027959019;163.8497047;0.008450596;1;70
1-M983;2;73;28.46929266;2;99;127.4;0.79;3;3;5.969508777;0.021762599;179.3110715;0.012882057;1;70
1-M984;2;73;32.03529883;2;99;127.4;0.79;3;3;5.473509177;0.021713375;148.6929429;0.004897951;1;70
1-M985;2;73;32.24117257;2;99;127.4;0.79;3;3;4.438500694;0.021053818;131.8181268;0.011431204;1;70
1-M986;2;73;24.2988413;2;99;127.4;0.79;3;3;5.145575291;0.014490869;154.7245183;0.006954219;1;70
1-M987;2;73;33.86003816;2;99;127.4;0.79;3;3;5.084547111;0.019111039;147.6702635;0.017740539;1;70
1-M988;2;73;30.47227832;2;99;127.4;0.79;3;3;6.504843308;0.020719289;174.4674446;0.037074048;1;70
1-M989;2;73;27.95035752;2;99;127.4;0.79;3;3;4.362123711;0.015313855;155.5655209;0.015018294;1;70
1-M990;2;73;33.44936431;2;99;127.4;0.79;3;3;5.267700556;0.010305163;157.8264323;0.01729323;1;70
1-M991;2;73;29.53159461;2;99;127.4;0.79;3;3;5.425702716;0.019612149;154.4298569;0.015198612;1;70
1-M992;2;73;28.48287505;2;99;127.4;0.79;3;3;4.012444082;0.01717001;160.8939787;0.022329383;1;70
1-M993;2;73;27.96880912;2;99;127.4;0.79;3;3;5.206617746;0.019058641;153.5622484;0.021582354;1;70
1-M994;2;73;31.48462739;2;99;127.4;0.79;3;3;5.272996233;0.018300926;144.776772;0.015589389;1;70
1-M995;2;73;26.73044443;2;99;127.4;0.79;3;3;5.289459652;0.027395956;138.3551336;0.02262866;1;70
1-M996;2;73;32.65486018;2;99;127.4;0.79;3;3;4.632565799;0.018524797;164.4745362;0.014497176;1;70
1-M997;2;73;26.54132394;2;99;127.4;0.79;3;3;5.177760137;0.015348532;177.7652786;0.034885523;1;70
1-M998;2;73;28.4395638;2;99;127.4;0.79;3;3;4.997309291;0.012951756;150.5609222;0.023440244;1;70
1-M999;2;73;27.24390394;2;99;127.4;0.79;3;3;5.872666283;0.020542908;162.6915411;0.011139462;1;70
1-M1000;2;73;29.26720799;2;99;127.4;0.79;3;3;4.580368785;0.008561559;155.5343528;0.023317753;1;70
